Id,ActivityHour,ForecastHour,ActualSteps,ActualCalories,PredictedSteps_Baseline,PredictedCalories_Baseline,PredictedSteps_TTM_ZeroShot,PredictedCalories_TTM_ZeroShot,PredictedSteps_TTM_FineTuned,PredictedCalories_TTM_FineTuned
2320127002,2016-05-03 08:00:00,1,473.0,101.0,0.0,55.0,574.5685,98.310295,577.89087,101.59522
2320127002,2016-05-03 09:00:00,2,-3.0517578e-05,56.000004,0.0,55.0,426.1137,87.49146,430.56067,93.11443
2320127002,2016-05-03 10:00:00,3,-3.0517578e-05,55.0,0.0,55.0,334.14972,80.49604,297.37097,85.97687
2320127002,2016-05-03 11:00:00,4,-3.0517578e-05,55.0,0.0,55.0,289.12372,77.16307,189.66098,79.49739
2320127002,2016-05-03 12:00:00,5,-3.0517578e-05,55.0,0.0,55.0,269.74356,75.93785,173.70695,77.15595
2320127002,2016-05-03 13:00:00,6,-3.0517578e-05,55.0,0.0,55.0,254.92722,75.00344,158.2942,76.35069
2320127002,2016-05-03 14:00:00,7,-3.0517578e-05,55.0,0.0,55.0,263.2748,75.6413,193.1452,76.335464
2320127002,2016-05-03 15:00:00,8,-3.0517578e-05,55.0,0.0,55.0,268.65128,76.14148,175.74402,74.76289
2320127002,2016-05-03 16:00:00,9,-3.0517578e-05,55.0,0.0,55.0,255.36017,75.37065,182.74933,74.73795
2320127002,2016-05-03 17:00:00,10,48.999985,62.0,0.0,55.0,249.27238,74.95923,146.22145,74.63743
2320127002,2016-05-03 18:00:00,11,261.0,83.0,0.0,55.0,244.11444,74.62394,180.51859,74.88592
2320127002,2016-05-03 19:00:00,12,720.0,113.0,150.99998,71.0,230.2886,73.753525,222.58037,74.785484
2320127002,2016-05-03 20:00:00,13,1940.0,172.0,860.0,117.0,230.13751,73.68424,141.47412,73.741516
2320127002,2016-05-03 21:00:00,14,656.0,110.0,1054.0,127.0,235.11958,73.81189,161.56877,72.95114
2320127002,2016-05-03 22:00:00,15,1364.0,141.0,195.0,79.0,215.37543,72.22979,95.74834,69.78665
2320127002,2016-05-03 23:00:00,16,22.99997,58.0,0.0,55.0,189.66711,70.45412,20.059235,67.7366
2320127002,2016-05-04 00:00:00,17,-3.0517578e-05,55.0,0.0,55.0,170.32971,69.050125,0.0,65.70573
2320127002,2016-05-04 01:00:00,18,-3.0517578e-05,55.0,0.0,55.0,172.69876,69.27988,0.0,63.642937
2320127002,2016-05-04 02:00:00,19,-3.0517578e-05,55.0,0.0,55.0,168.41989,69.27017,0.0,62.10151
2320127002,2016-05-04 03:00:00,20,-3.0517578e-05,55.0,0.0,55.0,155.95712,68.41589,0.0,61.460495
2320127002,2016-05-04 04:00:00,21,57.999985,61.000004,0.0,55.0,165.47008,68.88525,0.0,63.702957
2320127002,2016-05-04 05:00:00,22,-3.0517578e-05,55.0,453.0,95.0,175.03076,69.626015,16.22879,66.53971
2320127002,2016-05-04 06:00:00,23,269.0,83.0,451.0,97.0,193.75851,71.177734,109.933334,69.27043
2320127002,2016-05-04 07:00:00,24,874.0,123.0,1053.0,128.0,216.83492,72.84386,148.35591,70.24213
2320127002,2016-05-04 08:00:00,1,-3.0517578e-05,55.0,473.0,101.0,447.47607,90.46853,456.15848,95.203705
2320127002,2016-05-04 09:00:00,2,-3.0517578e-05,55.0,0.0,56.000004,355.92868,83.44105,346.493,89.968185
2320127002,2016-05-04 10:00:00,3,-3.0517578e-05,55.0,0.0,55.0,315.14468,80.090675,264.5112,85.85586
2320127002,2016-05-04 11:00:00,4,-3.0517578e-05,55.0,0.0,55.0,288.75818,77.99114,174.7344,81.59406
2320127002,2016-05-04 12:00:00,5,-3.0517578e-05,55.0,0.0,55.0,272.2362,76.586525,145.47365,80.24428
2320127002,2016-05-04 13:00:00,6,-3.0517578e-05,55.0,0.0,55.0,274.97504,76.52577,191.17722,81.39646
2320127002,2016-05-04 14:00:00,7,-3.0517578e-05,55.0,0.0,55.0,277.7932,76.6904,221.12958,80.95849
2320127002,2016-05-04 15:00:00,8,-3.0517578e-05,55.0,0.0,55.0,280.4964,76.99255,220.54263,79.88043
2320127002,2016-05-04 16:00:00,9,-3.0517578e-05,55.0,0.0,55.0,270.52698,77.10635,252.52066,79.824066
2320127002,2016-05-04 17:00:00,10,-3.0517578e-05,55.0,48.999985,62.0,283.56018,78.29739,271.86407,80.59751
2320127002,2016-05-04 18:00:00,11,-3.0517578e-05,55.0,261.0,83.0,280.08624,78.10281,330.3896,80.593445
2320127002,2016-05-04 19:00:00,12,-3.0517578e-05,55.0,720.0,113.0,276.8587,77.62246,390.1077,80.90034
2320127002,2016-05-04 20:00:00,13,-3.0517578e-05,55.0,1940.0,172.0,280.09915,77.46612,359.74396,80.81948
2320127002,2016-05-04 21:00:00,14,-3.0517578e-05,55.0,656.0,110.0,277.30566,77.423195,397.80762,81.50418
2320127002,2016-05-04 22:00:00,15,-3.0517578e-05,55.0,1364.0,141.0,255.91768,75.82313,314.5166,77.91611
2320127002,2016-05-04 23:00:00,16,-3.0517578e-05,55.0,22.99997,58.0,225.61995,73.96545,206.26228,75.00309
2320127002,2016-05-05 00:00:00,17,-3.0517578e-05,55.0,0.0,55.0,232.02975,74.01933,145.75626,73.39599
2320127002,2016-05-05 01:00:00,18,-3.0517578e-05,55.0,0.0,55.0,232.25885,73.99449,120.48561,70.67599
2320127002,2016-05-05 02:00:00,19,-3.0517578e-05,55.0,0.0,55.0,226.04614,73.50609,72.55301,68.28661
2320127002,2016-05-05 03:00:00,20,-3.0517578e-05,55.0,0.0,55.0,216.7344,72.6493,52.970078,67.82988
2320127002,2016-05-05 04:00:00,21,-3.0517578e-05,55.0,57.999985,61.000004,209.33936,72.1516,52.748672,69.12085
2320127002,2016-05-05 05:00:00,22,-3.0517578e-05,55.0,0.0,55.0,204.2517,71.80798,80.460526,70.824036
2320127002,2016-05-05 06:00:00,23,383.0,90.0,269.0,83.0,219.41132,73.194305,175.59903,73.49067
2320127002,2016-05-05 07:00:00,24,687.0,115.0,874.0,123.0,253.58334,75.60231,247.0587,75.3981
2320127002,2016-05-05 08:00:00,1,604.0,105.0,0.0,55.0,332.63406,84.02216,344.0692,86.4022
2320127002,2016-05-05 09:00:00,2,782.0,109.0,0.0,55.0,253.84593,77.21115,239.32034,82.115555
2320127002,2016-05-05 10:00:00,3,601.0,108.0,0.0,55.0,207.60707,73.190926,133.24725,76.92785
2320127002,2016-05-05 11:00:00,4,427.0,97.0,0.0,55.0,187.74966,71.256226,54.869217,72.52653
2320127002,2016-05-05 12:00:00,5,456.0,93.0,0.0,55.0,192.28644,71.377235,26.898346,71.329666
2320127002,2016-05-05 13:00:00,6,97.999985,68.0,0.0,55.0,195.53706,71.61519,60.85939,71.17713
2320127002,2016-05-05 14:00:00,7,-3.0517578e-05,55.0,0.0,55.0,194.45485,71.35925,88.869156,71.560646
2320127002,2016-05-05 15:00:00,8,-3.0517578e-05,55.0,0.0,55.0,207.8872,72.102516,105.1246,71.57164
2320127002,2016-05-05 16:00:00,9,-3.0517578e-05,55.0,0.0,55.0,193.8536,71.59871,121.08357,71.63
2320127002,2016-05-05 17:00:00,10,68.0,62.0,0.0,55.0,207.68687,72.81222,145.1101,73.751114
2320127002,2016-05-05 18:00:00,11,111.0,68.0,0.0,55.0,199.58954,72.33824,198.88405,74.15283
2320127002,2016-05-05 19:00:00,12,441.0,94.0,0.0,55.0,200.80006,72.33695,260.45605,74.57292
2320127002,2016-05-05 20:00:00,13,267.0,83.0,0.0,55.0,205.1178,72.28732,214.7052,73.16509
2320127002,2016-05-05 21:00:00,14,219.0,75.0,0.0,55.0,192.20953,71.29321,213.79245,71.805534
2320127002,2016-05-05 22:00:00,15,57.999985,62.0,0.0,55.0,187.93082,70.9724,161.76468,70.66127
2320127002,2016-05-05 23:00:00,16,-3.0517578e-05,55.0,0.0,55.0,155.84753,69.12475,64.94202,68.812515
2320127002,2016-05-06 00:00:00,17,-3.0517578e-05,55.0,0.0,55.0,159.1634,69.153915,27.772583,66.65784
2320127002,2016-05-06 01:00:00,18,-3.0517578e-05,55.0,0.0,55.0,164.27231,69.63248,69.436264,65.054
2320127002,2016-05-06 02:00:00,19,-3.0517578e-05,55.0,0.0,55.0,173.50711,70.1776,74.95752,64.91756
2320127002,2016-05-06 03:00:00,20,-3.0517578e-05,55.0,0.0,55.0,166.80237,69.56421,76.670044,65.55917
2320127002,2016-05-06 04:00:00,21,-3.0517578e-05,55.0,0.0,55.0,154.98308,68.906204,32.059814,66.44473
2320127002,2016-05-06 05:00:00,22,178.0,69.0,0.0,55.0,163.59741,69.37653,69.43439,68.356384
2320127002,2016-05-06 06:00:00,23,575.0,109.0,383.0,90.0,177.5455,70.59617,174.95908,70.87299
2320127002,2016-05-06 07:00:00,24,478.0,94.0,687.0,115.0,207.27902,72.855316,210.16586,71.74898
2320127002,2016-05-06 08:00:00,1,267.0,82.0,604.0,105.0,377.6863,87.16371,469.73865,91.91649
2320127002,2016-05-06 09:00:00,2,600.0,97.0,782.0,109.0,289.13965,79.649,377.13144,86.859116
2320127002,2016-05-06 10:00:00,3,843.0,115.0,601.0,108.0,241.98361,75.46472,261.1505,82.73148
2320127002,2016-05-06 11:00:00,4,676.0,110.0,427.0,97.0,216.31406,73.337494,124.554,78.3248
2320127002,2016-05-06 12:00:00,5,378.0,86.0,456.0,93.0,203.39047,72.23251,62.53363,76.13106
2320127002,2016-05-06 13:00:00,6,-3.0517578e-05,55.0,97.999985,68.0,200.49724,71.84328,76.87451,75.94418
2320127002,2016-05-06 14:00:00,7,-3.0517578e-05,55.0,0.0,55.0,209.48468,72.382385,102.14261,75.96126
2320127002,2016-05-06 15:00:00,8,-3.0517578e-05,55.0,0.0,55.0,219.38712,72.9986,109.13609,74.69539
2320127002,2016-05-06 16:00:00,9,-3.0517578e-05,55.0,0.0,55.0,197.55531,71.65288,128.22275,72.30393
2320127002,2016-05-06 17:00:00,10,-3.0517578e-05,55.0,68.0,62.0,203.3092,72.3324,132.19618,72.302025
2320127002,2016-05-06 18:00:00,11,-3.0517578e-05,55.0,111.0,68.0,211.20837,73.21573,231.26459,72.8421
2320127002,2016-05-06 19:00:00,12,-3.0517578e-05,55.0,441.0,94.0,224.92413,74.18154,337.86105,73.53815
2320127002,2016-05-06 20:00:00,13,210.0,77.0,267.0,83.0,239.87283,75.00006,306.84286,73.00307
2320127002,2016-05-06 21:00:00,14,227.0,82.0,219.0,75.0,229.60307,74.30197,328.49646,72.535904
2320127002,2016-05-06 22:00:00,15,315.0,87.0,57.999985,62.0,200.8741,72.135254,202.00156,70.00824
2320127002,2016-05-06 23:00:00,16,131.0,70.0,0.0,55.0,161.67073,69.38584,47.10823,67.67497
2320127002,2016-05-07 00:00:00,17,-3.0517578e-05,55.0,0.0,55.0,154.07753,68.26315,0.0,65.87426
2320127002,2016-05-07 01:00:00,18,-3.0517578e-05,55.0,0.0,55.0,159.65671,68.70706,0.0,65.09213
2320127002,2016-05-07 02:00:00,19,-3.0517578e-05,55.0,0.0,55.0,165.41771,69.05915,0.0,65.575935
2320127002,2016-05-07 03:00:00,20,-3.0517578e-05,55.0,0.0,55.0,160.5449,68.62438,0.0,65.60858
2320127002,2016-05-07 04:00:00,21,-3.0517578e-05,55.0,0.0,55.0,158.29369,68.62077,0.0,65.97684
2320127002,2016-05-07 05:00:00,22,277.0,80.0,178.0,69.0,161.22554,68.95674,0.0,67.04827
2320127002,2016-05-07 06:00:00,23,322.0,79.0,575.0,109.0,170.95966,69.82812,140.9706,68.75473
2320127002,2016-05-07 07:00:00,24,277.0,82.0,478.0,94.0,198.30621,71.82643,211.71643,69.68349
2320127002,2016-05-07 08:00:00,1,708.0,105.0,267.0,82.0,251.26472,77.99307,225.35486,82.57327
2320127002,2016-05-07 09:00:00,2,954.0,126.0,600.0,97.0,224.33963,75.23035,244.57925,82.45509
2320127002,2016-05-07 10:00:00,3,388.0,89.0,843.0,115.0,219.41254,74.45958,232.22318,80.65619
2320127002,2016-05-07 11:00:00,4,322.0,87.0,676.0,110.0,211.88452,73.77684,180.53093,77.43991
2320127002,2016-05-07 12:00:00,5,460.0,100.0,378.0,86.0,199.80263,72.52571,117.22734,75.38451
2320127002,2016-05-07 13:00:00,6,464.0,87.0,0.0,55.0,208.15952,73.0013,134.8979,76.00986
2320127002,2016-05-07 14:00:00,7,688.0,108.0,0.0,55.0,213.20032,73.366066,155.1561,76.30137
2320127002,2016-05-07 15:00:00,8,753.0,120.0,0.0,55.0,200.34229,72.27898,123.920685,74.93251
2320127002,2016-05-07 16:00:00,9,488.0,104.0,0.0,55.0,192.56068,71.6733,145.51996,74.43997
2320127002,2016-05-07 17:00:00,10,303.0,84.0,0.0,55.0,201.1946,72.504906,140.04803,74.595764
2320127002,2016-05-07 18:00:00,11,-3.0517578e-05,55.0,0.0,55.0,198.23383,72.54657,220.76318,75.894775
2320127002,2016-05-07 19:00:00,12,-3.0517578e-05,55.0,0.0,55.0,196.32106,72.2608,274.12482,77.378845
2320127002,2016-05-07 20:00:00,13,85.999985,66.0,210.0,77.0,209.34099,73.02682,243.35184,76.446976
2320127002,2016-05-07 21:00:00,14,245.0,86.0,227.0,82.0,216.05385,73.6238,297.86032,76.56797
2320127002,2016-05-07 22:00:00,15,410.0,102.0,315.0,87.0,196.83986,72.10604,218.00531,75.301025
2320127002,2016-05-07 23:00:00,16,234.0,83.0,131.0,70.0,177.17688,70.61444,151.7294,74.22265
2320127002,2016-05-08 00:00:00,17,-3.0517578e-05,55.0,0.0,55.0,174.99791,70.46057,90.607574,70.99268
2320127002,2016-05-08 01:00:00,18,-3.0517578e-05,55.0,0.0,55.0,172.59329,70.36688,106.8985,70.53792
2320127002,2016-05-08 02:00:00,19,-3.0517578e-05,55.0,0.0,55.0,173.95685,70.339424,117.9769,69.92866
2320127002,2016-05-08 03:00:00,20,-3.0517578e-05,55.0,0.0,55.0,183.19193,70.82699,146.38275,70.245476
2320127002,2016-05-08 04:00:00,21,-3.0517578e-05,55.0,0.0,55.0,172.33575,69.89906,111.247604,70.332535
2320127002,2016-05-08 05:00:00,22,-3.0517578e-05,55.0,277.0,80.0,157.17221,68.74806,116.52666,71.609604
2320127002,2016-05-08 06:00:00,23,-3.0517578e-05,55.0,322.0,79.0,171.27057,70.01869,244.89688,74.72064
2320127002,2016-05-08 07:00:00,24,-3.0517578e-05,55.0,277.0,82.0,194.11197,71.69003,251.02292,74.37489
2320127002,2016-05-08 08:00:00,1,156.0,74.0,708.0,105.0,117.47543,65.43244,62.53592,71.94265
2320127002,2016-05-08 09:00:00,2,248.0,82.0,954.0,126.0,123.987045,65.82171,138.12245,72.535576
2320127002,2016-05-08 10:00:00,3,444.0,97.0,388.0,89.0,104.34328,64.26267,97.54779,70.694305
2320127002,2016-05-08 11:00:00,4,520.0,102.0,322.0,87.0,107.89662,64.73978,74.38849,69.78404
2320127002,2016-05-08 12:00:00,5,633.0,105.0,460.0,100.0,117.77104,65.33646,110.76805,70.48748
2320127002,2016-05-08 13:00:00,6,621.0,109.0,464.0,87.0,121.81575,65.41125,129.58565,70.61667
2320127002,2016-05-08 14:00:00,7,36.0,59.000004,688.0,108.0,128.64163,66.18074,163.61488,70.786
2320127002,2016-05-08 15:00:00,8,-3.0517578e-05,55.0,753.0,120.0,138.92561,67.12186,208.29514,71.14242
2320127002,2016-05-08 16:00:00,9,148.0,72.0,488.0,104.0,134.43471,66.71183,236.44556,70.68577
2320127002,2016-05-08 17:00:00,10,475.0,100.0,303.0,84.0,138.34589,66.92179,199.25099,70.727776
2320127002,2016-05-08 18:00:00,11,376.0,93.0,0.0,55.0,145.6202,67.606514,264.24542,71.939156
2320127002,2016-05-08 19:00:00,12,381.0,96.0,0.0,55.0,161.01546,68.832695,350.93488,73.4303
2320127002,2016-05-08 20:00:00,13,164.0,79.0,85.999985,66.0,168.78448,69.25933,302.83652,73.00455
2320127002,2016-05-08 21:00:00,14,327.0,90.0,245.0,86.0,158.91292,68.71714,308.29016,72.0569
2320127002,2016-05-08 22:00:00,15,231.0,82.0,410.0,102.0,144.20563,67.69743,218.3323,70.20998
2320127002,2016-05-08 23:00:00,16,393.0,85.0,234.0,83.0,131.25836,66.55382,100.42909,67.95839
2320127002,2016-05-09 00:00:00,17,317.0,87.0,0.0,55.0,120.06056,65.547516,0.0,65.5292
2320127002,2016-05-09 01:00:00,18,390.0,91.0,0.0,55.0,127.37784,66.1267,29.042542,65.780396
2320127002,2016-05-09 02:00:00,19,-3.0517578e-05,55.0,0.0,55.0,138.74883,67.056366,70.47583,66.63637
2320127002,2016-05-09 03:00:00,20,-3.0517578e-05,55.0,0.0,55.0,137.22768,66.70505,61.095306,66.0267
2320127002,2016-05-09 04:00:00,21,-3.0517578e-05,55.0,0.0,55.0,126.1499,65.73334,3.6967773,64.986626
2320127002,2016-05-09 05:00:00,22,95.0,65.0,0.0,55.0,134.41951,66.422295,19.560577,66.05823
2320127002,2016-05-09 06:00:00,23,224.0,80.0,0.0,55.0,147.17758,67.40984,102.531876,67.81043
2320127002,2016-05-09 07:00:00,24,713.0,105.0,0.0,55.0,164.91937,68.6781,147.19034,69.044945
2320127002,2016-05-09 08:00:00,1,162.0,78.0,156.0,74.0,451.47897,90.348946,525.25415,99.233604
2320127002,2016-05-09 09:00:00,2,184.0,76.0,248.0,82.0,343.5033,82.78851,459.81052,91.811775
2320127002,2016-05-09 10:00:00,3,165.0,75.0,444.0,97.0,283.139,78.379074,398.05396,86.23053
2320127002,2016-05-09 11:00:00,4,-3.0517578e-05,55.0,520.0,102.0,246.8053,76.03215,306.606,81.26633
2320127002,2016-05-09 12:00:00,5,-3.0517578e-05,55.0,633.0,105.0,226.41656,74.52395,285.93182,79.601036
2320127002,2016-05-09 13:00:00,6,-3.0517578e-05,55.0,621.0,109.0,238.05605,74.99741,269.14465,80.5506
2320127002,2016-05-09 14:00:00,7,-3.0517578e-05,58.0,36.0,59.000004,241.47389,75.28016,257.53024,80.15153
2320127002,2016-05-09 15:00:00,8,524.0,98.0,0.0,55.0,240.95656,75.52916,259.05487,79.49184
2320127002,2016-05-09 16:00:00,9,177.0,81.0,148.0,72.0,243.43756,76.016304,348.48837,80.6337
2320127002,2016-05-09 17:00:00,10,138.99998,73.0,475.0,100.0,259.77844,77.34328,373.09155,82.06477
2320127002,2016-05-09 18:00:00,11,-3.0517578e-05,55.0,376.0,93.0,257.51196,77.61069,431.09143,82.57841
2320127002,2016-05-09 19:00:00,12,-3.0517578e-05,55.0,381.0,96.0,255.66624,77.54233,503.0508,83.329575
2320127002,2016-05-09 20:00:00,13,-3.0517578e-05,55.0,164.0,79.0,270.1524,78.201164,442.80698,83.089264
2320127002,2016-05-09 21:00:00,14,-3.0517578e-05,55.0,327.0,90.0,273.1148,78.41016,460.29156,83.18764
2320127002,2016-05-09 22:00:00,15,-3.0517578e-05,55.0,231.0,82.0,248.72113,76.723175,415.7895,79.7571
2320127002,2016-05-09 23:00:00,16,-3.0517578e-05,55.0,393.0,85.0,225.32076,75.01599,290.42722,76.03098
2320127002,2016-05-10 00:00:00,17,-3.0517578e-05,55.0,317.0,87.0,203.9751,73.108345,134.13075,71.5797
2320127002,2016-05-10 01:00:00,18,-3.0517578e-05,55.0,390.0,91.0,197.03067,72.452576,100.182846,69.3387
2320127002,2016-05-10 02:00:00,19,-3.0517578e-05,55.0,0.0,55.0,190.5661,71.76621,96.08203,68.471375
2320127002,2016-05-10 03:00:00,20,-3.0517578e-05,55.0,0.0,55.0,193.57642,71.58185,75.25664,68.15096
2320127002,2016-05-10 04:00:00,21,-3.0517578e-05,55.0,0.0,55.0,206.44402,72.42812,100.07596,70.049225
2320127002,2016-05-10 05:00:00,22,-3.0517578e-05,55.0,95.0,65.0,223.10715,73.8995,166.93153,73.96568
2320127002,2016-05-10 06:00:00,23,71.0,67.0,224.0,80.0,248.1616,76.216545,279.75815,77.99109
2320127002,2016-05-10 07:00:00,24,364.0,94.0,713.0,105.0,267.1286,77.64372,320.95844,78.92578
2320127002,2016-05-10 08:00:00,1,182.0,78.0,162.0,78.0,226.47119,77.91887,228.49469,85.27846
2320127002,2016-05-10 09:00:00,2,362.0,92.0,184.0,76.0,185.78963,73.72603,157.38626,80.85314
2320127002,2016-05-10 10:00:00,3,493.0,93.0,165.0,75.0,178.5549,72.514,141.91136,78.549545
2320127002,2016-05-10 11:00:00,4,1122.0,137.0,0.0,55.0,177.16025,72.12307,102.49371,76.02385
2320127002,2016-05-10 12:00:00,5,947.0,125.0,0.0,55.0,171.29451,71.51665,93.903244,75.11025
2320127002,2016-05-10 13:00:00,6,327.0,88.0,0.0,55.0,180.13187,72.07252,111.931946,75.65726
2320127002,2016-05-10 14:00:00,7,283.0,87.0,0.0,58.0,182.0679,72.01079,108.69882,75.28201
2320127002,2016-05-10 15:00:00,8,485.0,94.0,524.0,98.0,169.56223,70.79544,105.1239,73.1321
2320127002,2016-05-10 16:00:00,9,483.0,103.0,177.0,81.0,162.46378,70.54192,140.72714,73.04265
2320127002,2016-05-10 17:00:00,10,172.0,80.0,138.99998,73.0,173.48512,71.54839,116.60985,73.7659
2320127002,2016-05-10 18:00:00,11,427.0,94.0,0.0,55.0,181.76714,72.21392,192.72205,75.478485
2320127002,2016-05-10 19:00:00,12,194.0,80.0,0.0,55.0,186.39755,72.61716,284.64188,76.76873
2320127002,2016-05-10 20:00:00,13,300.0,89.0,0.0,55.0,202.66147,73.8286,261.16977,77.39449
2320127002,2016-05-10 21:00:00,14,14.9999695,58.0,0.0,55.0,199.29044,73.63278,297.8678,76.45671
2320127002,2016-05-10 22:00:00,15,-3.0517578e-05,55.0,0.0,55.0,174.12862,71.43205,237.64395,72.564835
2320127002,2016-05-10 23:00:00,16,-3.0517578e-05,55.0,0.0,55.0,146.33376,69.273315,140.97305,68.290405
2320127002,2016-05-11 00:00:00,17,-3.0517578e-05,55.0,0.0,55.0,136.48935,68.13709,26.733795,64.56697
2320127002,2016-05-11 01:00:00,18,-3.0517578e-05,55.0,0.0,55.0,139.20212,68.05458,7.650696,62.545254
2320127002,2016-05-11 02:00:00,19,-3.0517578e-05,55.0,0.0,55.0,138.33362,68.03032,13.493469,61.70803
2320127002,2016-05-11 03:00:00,20,-3.0517578e-05,55.0,0.0,55.0,146.06473,68.73352,22.121643,61.924835
2320127002,2016-05-11 04:00:00,21,-3.0517578e-05,55.0,0.0,55.0,146.00069,68.657974,5.5532227,62.644127
2320127002,2016-05-11 05:00:00,22,-3.0517578e-05,55.0,0.0,55.0,146.54893,68.48804,12.431152,64.415184
2320127002,2016-05-11 06:00:00,23,-3.0517578e-05,55.0,71.0,67.0,163.07437,70.04197,105.73158,68.270676
2320127002,2016-05-11 07:00:00,24,-3.0517578e-05,55.0,364.0,94.0,184.85217,71.78064,147.46768,69.89232
2320127002,2016-05-11 08:00:00,1,-3.0517578e-05,55.0,182.0,78.0,106.37601,63.759327,34.70462,73.45303
2320127002,2016-05-11 09:00:00,2,3.9999695,57.000004,362.0,92.0,117.333984,64.72595,113.21536,75.31767
2320127002,2016-05-11 10:00:00,3,472.0,102.0,493.0,93.0,123.12271,65.35214,150.09401,74.9471
2320127002,2016-05-11 11:00:00,4,348.0,89.0,1122.0,137.0,126.56006,65.93552,143.03288,73.14257
2320127002,2016-05-11 12:00:00,5,446.0,100.0,947.0,125.0,117.54991,65.235634,117.899536,71.94961
2320127002,2016-05-11 13:00:00,6,283.0,81.0,327.0,88.0,113.32155,65.02879,93.88742,71.55539
2320127002,2016-05-11 14:00:00,7,241.0,78.0,283.0,87.0,120.19145,65.48446,110.11006,71.08838
2320127002,2016-05-11 15:00:00,8,364.0,92.0,485.0,94.0,141.06868,67.04013,144.26553,71.02257
2320127002,2016-05-11 16:00:00,9,493.0,97.0,483.0,103.0,138.30925,67.25774,142.78181,71.27752
2320127002,2016-05-11 17:00:00,10,999.0,127.0,172.0,80.0,144.2237,68.016624,116.83902,72.047935
2320127002,2016-05-11 18:00:00,11,172.0,74.0,427.0,94.0,140.83806,67.68773,160.62306,71.977615
2320127002,2016-05-11 19:00:00,12,324.0,87.0,194.0,80.0,144.15355,67.78325,219.81976,72.47769
2320127002,2016-05-11 20:00:00,13,723.0,115.0,300.0,89.0,149.71986,68.222565,155.26915,71.679855
2320127002,2016-05-11 21:00:00,14,522.0,102.0,14.9999695,58.0,149.1564,68.25991,156.13724,71.2379
2320127002,2016-05-11 22:00:00,15,605.0,113.0,0.0,55.0,151.51251,68.29976,138.9638,70.30548
2320127002,2016-05-11 23:00:00,16,428.0,95.0,0.0,55.0,139.35272,67.55409,88.68216,68.499756
2320127002,2016-05-12 00:00:00,17,-3.0517578e-05,55.0,0.0,55.0,139.44884,67.53012,39.149033,66.366234
2320127002,2016-05-12 01:00:00,18,-3.0517578e-05,55.0,0.0,55.0,144.92636,67.90254,58.96199,65.81733
2320127002,2016-05-12 02:00:00,19,-3.0517578e-05,56.000004,0.0,55.0,138.23415,67.447556,55.799103,65.01809
2320127002,2016-05-12 03:00:00,20,-3.0517578e-05,55.0,0.0,55.0,131.858,66.99376,29.847443,64.34936
2320127002,2016-05-12 04:00:00,21,-3.0517578e-05,55.0,0.0,55.0,137.64214,67.32844,32.488007,65.20407
2320127002,2016-05-12 05:00:00,22,-3.0517578e-05,55.0,0.0,55.0,163.31992,69.30109,122.96916,68.966194
2320127002,2016-05-12 06:00:00,23,-3.0517578e-05,55.0,0.0,55.0,176.70837,70.85048,223.38704,71.70916
2320127002,2016-05-12 07:00:00,24,-3.0517578e-05,55.0,0.0,55.0,180.26399,71.29305,193.31271,71.17585
5553957443,2016-05-03 08:00:00,1,-3.0517578e-05,55.0,345.0,74.0,655.75256,92.88266,517.5103,103.72514
5553957443,2016-05-03 09:00:00,2,106.0,64.0,338.0,73.0,512.2727,86.16731,471.5067,99.9858
5553957443,2016-05-03 10:00:00,3,204.0,68.0,332.0,75.0,475.25427,84.5349,576.49866,97.49113
5553957443,2016-05-03 11:00:00,4,69.999985,62.0,384.0,76.0,532.8586,87.70122,645.19354,94.16678
5553957443,2016-05-03 12:00:00,5,612.0,92.0,142.99998,65.0,579.5503,90.354065,814.8625,95.20054
5553957443,2016-05-03 13:00:00,6,68.0,58.0,81.999985,63.0,613.71094,92.30564,867.6477,97.61314
5553957443,2016-05-03 14:00:00,7,-3.0517578e-05,56.000004,103.0,61.000004,544.63184,89.05974,742.9059,95.673744
5553957443,2016-05-03 15:00:00,8,25.0,58.0,107.999985,63.0,450.48132,84.309814,564.6956,89.97407
5553957443,2016-05-03 16:00:00,9,1613.0,176.0,2457.0,219.0,490.42493,85.95405,687.00183,90.57329
5553957443,2016-05-03 17:00:00,10,2518.0,195.0,1386.0,186.0,601.1143,91.27229,848.9207,94.919846
5553957443,2016-05-03 18:00:00,11,797.0,106.0,1181.0,124.0,574.0377,90.27139,831.6679,93.41322
5553957443,2016-05-03 19:00:00,12,1502.0,133.0,102.0,75.0,478.9341,86.05946,859.06573,91.55087
5553957443,2016-05-03 20:00:00,13,1362.0,136.0,139.99998,71.0,456.7096,85.17578,434.25964,87.79613
5553957443,2016-05-03 21:00:00,14,83.999985,67.0,126.0,69.0,454.4108,84.58241,285.00598,84.406296
5553957443,2016-05-03 22:00:00,15,986.0,106.0,30.0,58.0,408.22137,81.605545,142.92715,80.11349
5553957443,2016-05-03 23:00:00,16,263.0,76.0,0.0,55.0,387.81998,80.11278,0.0,76.226395
5553957443,2016-05-04 00:00:00,17,244.0,75.0,24.0,60.0,405.34338,80.21713,0.0,75.022964
5553957443,2016-05-04 01:00:00,18,-3.0517578e-05,55.0,7.9999695,56.000004,396.28812,79.60528,0.0,73.50496
5553957443,2016-05-04 02:00:00,19,10.0,56.000004,11.9999695,56.000004,381.58923,79.07744,0.0,72.4403
5553957443,2016-05-04 03:00:00,20,-3.0517578e-05,56.000004,5.0,56.000004,368.6672,78.352165,0.0,71.88252
5553957443,2016-05-04 04:00:00,21,-3.0517578e-05,55.0,0.0,55.0,339.44577,77.09352,0.0,72.15112
5553957443,2016-05-04 05:00:00,22,-3.0517578e-05,55.0,201.0,77.0,305.74857,76.06947,23.752533,75.552734
5553957443,2016-05-04 06:00:00,23,65.999985,61.000004,1528.0,147.0,430.84363,83.71163,500.33472,83.656265
5553957443,2016-05-04 07:00:00,24,-3.0517578e-05,56.000004,833.0,99.0,550.4509,87.77794,612.708,86.87798
5553957443,2016-05-04 08:00:00,1,60.999985,64.0,0.0,55.0,289.27133,72.60727,0.0,87.216125
5553957443,2016-05-04 09:00:00,2,60.999985,60.0,106.0,64.0,246.83699,71.63678,10.333923,88.18801
5553957443,2016-05-04 10:00:00,3,83.0,63.0,204.0,68.0,298.90115,75.46887,252.83179,89.66226
5553957443,2016-05-04 11:00:00,4,22.99997,57.000004,69.999985,62.0,353.36276,77.858696,278.99176,87.973114
5553957443,2016-05-04 12:00:00,5,115.999985,67.0,612.0,92.0,351.03467,77.46794,339.97568,86.88571
5553957443,2016-05-04 13:00:00,6,118.0,68.0,68.0,58.0,364.914,78.94173,399.06592,87.84813
5553957443,2016-05-04 14:00:00,7,321.0,87.0,0.0,56.000004,361.8697,79.37594,436.93088,87.91408
5553957443,2016-05-04 15:00:00,8,578.0,99.0,25.0,58.0,297.31363,75.66636,252.16165,82.557816
5553957443,2016-05-04 16:00:00,9,454.0,88.0,1613.0,176.0,366.92032,78.95827,452.75024,84.26399
5553957443,2016-05-04 17:00:00,10,432.0,100.0,2518.0,195.0,488.33966,85.11549,756.0198,89.956955
5553957443,2016-05-04 18:00:00,11,557.0,99.0,797.0,106.0,442.4671,83.09777,692.1533,89.37764
5553957443,2016-05-04 19:00:00,12,566.0,105.0,1502.0,133.0,376.65384,80.12318,790.87683,88.890335
5553957443,2016-05-04 20:00:00,13,111.0,66.0,1362.0,136.0,364.35635,79.84887,482.1494,85.80741
5553957443,2016-05-04 21:00:00,14,345.0,86.0,83.999985,67.0,346.0692,78.50755,415.0426,82.07133
5553957443,2016-05-04 22:00:00,15,103.0,65.0,986.0,106.0,329.55667,77.04286,352.45233,78.94759
5553957443,2016-05-04 23:00:00,16,-3.0517578e-05,55.0,263.0,76.0,330.36203,76.70837,276.46158,77.66768
5553957443,2016-05-05 00:00:00,17,-3.0517578e-05,55.0,244.0,75.0,341.25644,77.33232,91.665054,75.01087
5553957443,2016-05-05 01:00:00,18,10.0,56.000004,0.0,55.0,324.18866,75.97902,0.0,71.96103
5553957443,2016-05-05 02:00:00,19,-3.0517578e-05,55.0,10.0,56.000004,267.27896,72.666534,0.0,70.01334
5553957443,2016-05-05 03:00:00,20,-3.0517578e-05,55.0,0.0,56.000004,231.04611,71.042305,0.0,68.82551
5553957443,2016-05-05 04:00:00,21,-3.0517578e-05,55.0,0.0,55.0,240.41245,71.900955,0.0,70.13433
5553957443,2016-05-05 05:00:00,22,5.0,56.000004,0.0,55.0,256.48947,73.072495,40.79274,73.83626
5553957443,2016-05-05 06:00:00,23,262.0,85.0,65.999985,61.000004,335.23996,77.5347,374.01663,80.16661
5553957443,2016-05-05 07:00:00,24,1366.0,129.0,0.0,56.000004,437.36475,81.814064,434.3609,82.86959
5553957443,2016-05-05 08:00:00,1,1683.0,141.0,60.999985,64.0,624.94946,93.323685,495.92065,105.5489
5553957443,2016-05-05 09:00:00,2,376.0,77.0,60.999985,60.0,478.60522,86.08264,406.75522,98.680374
5553957443,2016-05-05 10:00:00,3,41.999985,59.000004,83.0,63.0,451.19913,85.01375,442.253,94.92094
5553957443,2016-05-05 11:00:00,4,50.999985,61.000004,22.99997,57.000004,463.61414,85.363495,384.42563,90.56033
5553957443,2016-05-05 12:00:00,5,262.0,73.0,115.999985,67.0,442.97552,83.586426,377.955,87.75091
5553957443,2016-05-05 13:00:00,6,203.0,69.0,118.0,68.0,463.01773,84.90915,483.09747,89.891716
5553957443,2016-05-05 14:00:00,7,585.0,87.0,321.0,87.0,487.8232,87.000145,620.60645,91.43432
5553957443,2016-05-05 15:00:00,8,89.999985,61.000004,578.0,99.0,425.00735,83.443115,441.6587,87.72771
5553957443,2016-05-05 16:00:00,9,2951.0,203.0,454.0,88.0,489.14868,85.440636,653.62823,89.290436
5553957443,2016-05-05 17:00:00,10,3133.0,219.0,432.0,100.0,546.2911,88.420746,760.0316,92.97187
5553957443,2016-05-05 18:00:00,11,874.0,100.0,557.0,99.0,479.65717,85.02059,729.03235,91.17473
5553957443,2016-05-05 19:00:00,12,744.0,98.0,566.0,105.0,395.94345,80.7659,695.81665,88.19381
5553957443,2016-05-05 20:00:00,13,1061.0,131.0,111.0,66.0,372.24026,79.92985,384.62653,84.006
5553957443,2016-05-05 21:00:00,14,271.0,85.0,345.0,86.0,382.4756,80.31384,358.35837,81.868904
5553957443,2016-05-05 22:00:00,15,348.0,88.0,103.0,65.0,361.39304,78.60337,211.72757,77.673164
5553957443,2016-05-05 23:00:00,16,14.0,56.000004,0.0,55.0,341.85876,76.91316,97.78525,75.93602
5553957443,2016-05-06 00:00:00,17,-3.0517578e-05,55.0,0.0,55.0,317.77457,74.95638,0.0,72.15229
5553957443,2016-05-06 01:00:00,18,-3.0517578e-05,55.0,10.0,56.000004,303.13983,73.75991,0.0,68.02983
5553957443,2016-05-06 02:00:00,19,-3.0517578e-05,55.0,0.0,55.0,279.34235,72.627495,0.0,65.60226
5553957443,2016-05-06 03:00:00,20,13.0,57.000004,0.0,55.0,282.31213,73.28853,0.0,66.32413
5553957443,2016-05-06 04:00:00,21,85.999985,62.0,0.0,55.0,312.38922,74.63315,0.0,68.97537
5553957443,2016-05-06 05:00:00,22,7.0,56.000004,5.0,56.000004,317.01657,74.85988,21.556976,73.084625
5553957443,2016-05-06 06:00:00,23,225.0,75.0,262.0,85.0,368.6865,77.75548,332.4482,79.033424
5553957443,2016-05-06 07:00:00,24,1506.0,143.0,1366.0,129.0,479.10547,81.79461,407.2835,81.046616
5553957443,2016-05-06 08:00:00,1,2054.0,147.0,1683.0,141.0,706.7445,96.74311,636.6028,109.737
5553957443,2016-05-06 09:00:00,2,21.0,60.0,376.0,77.0,541.3596,87.94487,529.3568,103.714325
5553957443,2016-05-06 10:00:00,3,3.9999695,58.0,41.999985,59.000004,537.7973,87.94715,643.5489,101.8508
5553957443,2016-05-06 11:00:00,4,68.0,62.0,50.999985,61.000004,551.676,88.93956,657.8508,99.474556
5553957443,2016-05-06 12:00:00,5,280.0,72.0,262.0,73.0,511.93,86.45655,588.0503,96.04812
5553957443,2016-05-06 13:00:00,6,52.0,59.000004,203.0,69.0,536.0046,88.00956,709.4203,97.587875
5553957443,2016-05-06 14:00:00,7,339.0,83.0,585.0,87.0,533.6424,88.37726,758.26855,97.90421
5553957443,2016-05-06 15:00:00,8,75.0,60.0,89.999985,61.000004,456.49872,84.21994,582.0107,92.26963
5553957443,2016-05-06 16:00:00,9,-3.0517578e-05,55.0,2951.0,203.0,549.04224,89.08941,852.6037,94.86249
5553957443,2016-05-06 17:00:00,10,2042.0,155.0,3133.0,219.0,598.2709,92.26106,922.15295,97.977646
5553957443,2016-05-06 18:00:00,11,897.0,119.0,874.0,100.0,556.46704,90.15136,880.2038,98.13488
5553957443,2016-05-06 19:00:00,12,1142.0,129.0,744.0,98.0,517.67896,88.04574,947.26685,96.903046
5553957443,2016-05-06 20:00:00,13,293.0,89.0,1061.0,131.0,465.58563,85.481865,612.85925,90.61449
5553957443,2016-05-06 21:00:00,14,30.99997,58.0,271.0,85.0,436.56638,83.81166,514.3065,85.76331
5553957443,2016-05-06 22:00:00,15,497.0,96.0,348.0,88.0,395.21216,80.83983,314.56293,80.096504
5553957443,2016-05-06 23:00:00,16,-3.0517578e-05,55.0,14.0,56.000004,376.5933,79.55403,191.47792,77.08919
5553957443,2016-05-07 00:00:00,17,-3.0517578e-05,55.0,0.0,55.0,377.339,78.595604,26.87445,73.06312
5553957443,2016-05-07 01:00:00,18,7.0,56.000004,0.0,55.0,370.1126,77.701584,0.0,69.41845
5553957443,2016-05-07 02:00:00,19,-3.0517578e-05,55.0,0.0,55.0,314.1407,75.05724,0.0,66.55327
5553957443,2016-05-07 03:00:00,20,-3.0517578e-05,55.0,13.0,57.000004,300.4974,74.79778,0.0,66.575836
5553957443,2016-05-07 04:00:00,21,-3.0517578e-05,55.0,85.999985,62.0,342.88455,76.66865,16.51825,68.918686
5553957443,2016-05-07 05:00:00,22,-3.0517578e-05,55.0,7.0,56.000004,359.2279,77.72175,119.34801,73.17728
5553957443,2016-05-07 06:00:00,23,-3.0517578e-05,55.0,225.0,75.0,413.09396,81.06905,361.5621,80.42027
5553957443,2016-05-07 07:00:00,24,102.0,66.0,1506.0,143.0,521.813,85.61563,460.59058,82.03753
5553957443,2016-05-07 08:00:00,1,-3.0517578e-05,55.0,2054.0,147.0,346.8089,78.49661,159.07556,89.332054
5553957443,2016-05-07 09:00:00,2,-3.0517578e-05,55.0,21.0,60.0,290.06778,76.23413,191.53146,87.62927
5553957443,2016-05-07 10:00:00,3,-3.0517578e-05,55.0,3.9999695,58.0,282.46246,75.778046,262.43912,85.43211
5553957443,2016-05-07 11:00:00,4,-3.0517578e-05,55.0,68.0,62.0,311.9838,77.0668,331.06903,82.910736
5553957443,2016-05-07 12:00:00,5,-3.0517578e-05,55.0,280.0,72.0,290.5892,75.6548,326.82193,80.27602
5553957443,2016-05-07 13:00:00,6,-3.0517578e-05,55.0,52.0,59.000004,301.84778,75.61876,302.32468,79.49956
5553957443,2016-05-07 14:00:00,7,80.0,60.0,339.0,83.0,313.23126,76.13249,329.33597,79.94947
5553957443,2016-05-07 15:00:00,8,-3.0517578e-05,55.0,75.0,60.0,288.83737,75.741394,206.46146,78.96827
5553957443,2016-05-07 16:00:00,9,-3.0517578e-05,55.0,0.0,55.0,348.19904,78.978516,496.2187,84.43658
5553957443,2016-05-07 17:00:00,10,97.999985,74.0,2042.0,155.0,423.32797,82.382034,634.82275,87.27142
5553957443,2016-05-07 18:00:00,11,550.0,94.0,897.0,119.0,389.34616,81.13327,607.1349,88.05509
5553957443,2016-05-07 19:00:00,12,144.0,70.0,1142.0,129.0,333.61462,78.79752,661.27875,87.624825
5553957443,2016-05-07 20:00:00,13,56.0,66.0,293.0,89.0,313.46924,77.75832,442.85254,83.83214
5553957443,2016-05-07 21:00:00,14,294.0,76.0,30.99997,58.0,307.7246,76.979675,384.57462,80.50459
5553957443,2016-05-07 22:00:00,15,336.0,88.0,497.0,96.0,298.9245,76.233,300.19904,77.26053
5553957443,2016-05-07 23:00:00,16,201.0,75.0,0.0,55.0,288.8261,75.17073,235.62793,75.30687
5553957443,2016-05-08 00:00:00,17,-3.0517578e-05,55.0,0.0,55.0,260.12924,72.76968,3.580902,69.79269
5553957443,2016-05-08 01:00:00,18,-3.0517578e-05,55.0,7.0,56.000004,239.46265,71.34709,0.0,64.81714
5553957443,2016-05-08 02:00:00,19,-3.0517578e-05,55.0,0.0,55.0,220.1678,70.559685,0.0,62.559395
5553957443,2016-05-08 03:00:00,20,-3.0517578e-05,55.0,0.0,55.0,214.45332,70.258316,0.0,61.628555
5553957443,2016-05-08 04:00:00,21,41.999985,60.0,0.0,55.0,232.87695,71.39925,0.0,64.26547
5553957443,2016-05-08 05:00:00,22,9.0,56.000004,0.0,55.0,257.00525,73.63641,84.70795,69.75108
5553957443,2016-05-08 06:00:00,23,7.0,57.000004,0.0,55.0,300.69406,76.21605,252.24843,74.0851
5553957443,2016-05-08 07:00:00,24,-3.0517578e-05,55.0,102.0,66.0,365.12183,78.136475,275.3522,74.90229
5553957443,2016-05-08 08:00:00,1,-3.0517578e-05,55.0,0.0,55.0,186.73816,67.7923,0.0,79.80372
5553957443,2016-05-08 09:00:00,2,123.0,68.0,0.0,55.0,159.92255,67.68672,0.0,79.12826
5553957443,2016-05-08 10:00:00,3,350.0,92.0,0.0,55.0,128.44304,66.048584,0.0,75.88879
5553957443,2016-05-08 11:00:00,4,9.0,58.0,0.0,55.0,148.7685,67.27194,0.0,72.73598
5553957443,2016-05-08 12:00:00,5,1969.0,151.0,0.0,55.0,181.30579,69.43843,151.57114,73.5779
5553957443,2016-05-08 13:00:00,6,870.0,102.0,0.0,55.0,197.21185,70.09598,179.971,74.04544
5553957443,2016-05-08 14:00:00,7,52.0,65.0,80.0,60.0,185.99838,69.05156,176.63446,72.53983
5553957443,2016-05-08 15:00:00,8,111.0,70.0,0.0,55.0,178.35068,69.238815,162.20383,71.45152
5553957443,2016-05-08 16:00:00,9,287.0,86.0,0.0,55.0,223.14627,71.50054,348.58334,74.08916
5553957443,2016-05-08 17:00:00,10,269.0,78.0,97.999985,74.0,264.38492,73.5669,345.42572,75.858765
5553957443,2016-05-08 18:00:00,11,638.0,101.0,550.0,94.0,238.50735,72.30081,356.00928,75.962296
5553957443,2016-05-08 19:00:00,12,767.0,121.0,144.0,70.0,198.96913,70.935585,405.71472,76.46827
5553957443,2016-05-08 20:00:00,13,247.0,72.0,56.0,66.0,198.66867,70.97802,187.78403,73.905716
5553957443,2016-05-08 21:00:00,14,324.0,85.0,294.0,76.0,183.34665,69.665115,139.45311,70.31311
5553957443,2016-05-08 22:00:00,15,9.0,56.000004,336.0,88.0,175.94351,69.12375,103.89307,68.59203
5553957443,2016-05-08 23:00:00,16,-3.0517578e-05,55.0,201.0,75.0,182.08212,69.02807,28.836243,67.59298
5553957443,2016-05-09 00:00:00,17,42.999985,60.0,0.0,55.0,169.17004,67.74786,0.0,63.8712
5553957443,2016-05-09 01:00:00,18,5.0,56.000004,0.0,55.0,151.46675,66.79974,0.0,61.294273
5553957443,2016-05-09 02:00:00,19,-3.0517578e-05,55.0,0.0,55.0,160.07736,67.69495,0.0,61.50078
5553957443,2016-05-09 03:00:00,20,7.9999695,56.000004,0.0,55.0,165.67538,67.91382,0.0,61.091713
5553957443,2016-05-09 04:00:00,21,-3.0517578e-05,55.0,41.999985,60.0,157.91237,67.21969,0.0,61.25795
5553957443,2016-05-09 05:00:00,22,-3.0517578e-05,55.0,9.0,56.000004,144.6005,67.06355,0.0,63.690247
5553957443,2016-05-09 06:00:00,23,539.0,104.0,7.0,57.000004,202.65515,70.574356,124.33385,68.22252
5553957443,2016-05-09 07:00:00,24,1782.0001,150.0,0.0,55.0,264.17267,72.35298,183.07736,69.535736
5553957443,2016-05-09 08:00:00,1,1470.0,123.0,0.0,55.0,753.793,101.841034,845.16956,117.28638
5553957443,2016-05-09 09:00:00,2,20.0,58.0,123.0,68.0,591.13965,94.22033,708.12085,108.9461
5553957443,2016-05-09 10:00:00,3,232.0,74.0,350.0,92.0,510.95746,89.40129,625.88354,103.65136
5553957443,2016-05-09 11:00:00,4,152.99998,67.0,9.0,58.0,515.141,88.865105,608.2845,99.35248
5553957443,2016-05-09 12:00:00,5,124.999985,67.0,1969.0,151.0,534.9453,89.50694,746.1645,98.58651
5553957443,2016-05-09 13:00:00,6,17.0,59.000004,870.0,102.0,547.4478,89.907394,715.7579,98.69708
5553957443,2016-05-09 14:00:00,7,3.9999695,57.000004,52.0,65.0,488.65256,87.22623,576.1633,95.51078
5553957443,2016-05-09 15:00:00,8,-3.0517578e-05,56.000004,111.0,70.0,437.12073,84.82648,512.2551,92.597595
5553957443,2016-05-09 16:00:00,9,1736.0,233.0,287.0,86.0,544.0055,90.00409,868.4028,97.65124
5553957443,2016-05-09 17:00:00,10,722.0,260.0,269.0,78.0,606.6865,92.9174,895.4884,99.474556
5553957443,2016-05-09 18:00:00,11,2661.0,178.0,638.0,101.0,544.7118,89.734375,869.34705,95.802956
5553957443,2016-05-09 19:00:00,12,1283.0,152.0,767.0,121.0,458.64166,85.809,856.9978,92.35408
5553957443,2016-05-09 20:00:00,13,443.0,97.0,247.0,72.0,422.53113,83.934006,511.44446,87.85358
5553957443,2016-05-09 21:00:00,14,261.0,76.0,324.0,85.0,413.74994,82.87126,431.79666,85.306274
5553957443,2016-05-09 22:00:00,15,107.0,68.0,9.0,56.000004,400.64322,81.37842,334.34198,81.972725
5553957443,2016-05-09 23:00:00,16,-3.0517578e-05,55.0,0.0,55.0,434.53162,82.46082,223.74881,79.99571
5553957443,2016-05-10 00:00:00,17,-3.0517578e-05,55.0,42.999985,60.0,408.95206,80.43715,0.0,74.09612
5553957443,2016-05-10 01:00:00,18,-3.0517578e-05,55.0,5.0,56.000004,367.46588,77.61943,0.0,71.6128
5553957443,2016-05-10 02:00:00,19,-3.0517578e-05,55.0,0.0,55.0,350.88632,77.04737,2.5151978,70.940994
5553957443,2016-05-10 03:00:00,20,60.999985,61.000004,7.9999695,56.000004,345.958,76.93122,0.0,70.4419
5553957443,2016-05-10 04:00:00,21,-3.0517578e-05,55.0,0.0,55.0,328.46548,75.828735,0.0,70.549065
5553957443,2016-05-10 05:00:00,22,-3.0517578e-05,55.0,0.0,55.0,336.325,76.97297,115.33403,75.84235
5553957443,2016-05-10 06:00:00,23,737.0,119.0,539.0,104.0,453.3641,84.33812,564.7645,85.18737
5553957443,2016-05-10 07:00:00,24,2830.0,179.0,1782.0001,150.0,533.553,86.98627,632.63025,86.77934
5553957443,2016-05-10 08:00:00,1,14.9999695,59.000004,1470.0,123.0,1047.0626,112.55738,1140.0271,129.50665
5553957443,2016-05-10 09:00:00,2,-3.0517578e-05,56.000004,20.0,58.0,728.3807,98.87103,809.50854,116.19633
5553957443,2016-05-10 10:00:00,3,7.0,57.000004,232.0,74.0,636.1061,95.727875,782.51855,111.90279
5553957443,2016-05-10 11:00:00,4,2690.0,236.0,152.99998,67.0,617.72,95.06269,773.8696,107.10281
5553957443,2016-05-10 12:00:00,5,3160.0,248.0,124.999985,67.0,622.3744,95.1855,881.2886,106.80554
5553957443,2016-05-10 13:00:00,6,96.999985,73.0,17.0,59.000004,661.3581,97.76766,898.37823,107.86218
5553957443,2016-05-10 14:00:00,7,-3.0517578e-05,56.000004,3.9999695,57.000004,593.0993,94.268585,730.1355,103.09918
5553957443,2016-05-10 15:00:00,8,37.999985,61.000004,0.0,56.000004,483.95743,88.230415,548.0113,95.350136
5553957443,2016-05-10 16:00:00,9,152.0,71.0,1736.0,233.0,581.7335,92.95847,846.0889,99.87255
5553957443,2016-05-10 17:00:00,10,2245.0,160.0,722.0,260.0,681.0529,98.0449,920.00684,102.29819
5553957443,2016-05-10 18:00:00,11,969.00006,120.0,2661.0,178.0,648.483,96.006134,856.6038,99.65659
5553957443,2016-05-10 19:00:00,12,309.0,86.0,1283.0,152.0,543.18713,91.72667,834.138,95.92119
5553957443,2016-05-10 20:00:00,13,497.0,98.0,443.0,97.0,508.88458,90.38403,489.58688,91.08424
5553957443,2016-05-10 21:00:00,14,1098.0,116.0,261.0,76.0,483.0492,88.43461,344.2647,86.999306
5553957443,2016-05-10 22:00:00,15,971.0,114.0,107.0,68.0,411.23248,83.52827,158.53024,80.08495
5553957443,2016-05-10 23:00:00,16,439.0,92.0,0.0,55.0,380.7906,80.89597,0.0,74.613785
5553957443,2016-05-11 00:00:00,17,108.999985,64.0,0.0,55.0,361.5702,80.13876,0.0,70.33796
5553957443,2016-05-11 01:00:00,18,-3.0517578e-05,55.0,0.0,55.0,346.0847,78.393616,0.0,68.32254
5553957443,2016-05-11 02:00:00,19,6.0,56.000004,0.0,55.0,317.0048,76.741974,0.0,68.25943
5553957443,2016-05-11 03:00:00,20,-3.0517578e-05,55.0,60.999985,61.000004,307.8013,76.64713,0.0,67.688065
5553957443,2016-05-11 04:00:00,21,-3.0517578e-05,55.0,0.0,55.0,307.9394,76.83191,0.0,69.669556
5553957443,2016-05-11 05:00:00,22,-3.0517578e-05,55.0,0.0,55.0,274.30853,75.279625,0.0,72.70779
5553957443,2016-05-11 06:00:00,23,5.0,56.000004,737.0,119.0,386.18475,82.06281,242.82825,80.50126
5553957443,2016-05-11 07:00:00,24,-3.0517578e-05,55.0,2830.0,179.0,579.15686,89.60785,459.60632,85.73745
5553957443,2016-05-11 08:00:00,1,407.0,83.0,14.9999695,59.000004,424.6692,79.58942,299.9505,92.33101
5553957443,2016-05-11 09:00:00,2,79.0,64.0,0.0,56.000004,347.3498,75.89331,209.66931,90.96882
5553957443,2016-05-11 10:00:00,3,455.0,91.0,7.0,57.000004,336.34686,76.57431,308.2962,90.68957
5553957443,2016-05-11 11:00:00,4,68.999985,69.0,2690.0,236.0,391.81046,79.472435,378.59753,88.10903
5553957443,2016-05-11 12:00:00,5,392.0,90.0,3160.0,248.0,394.95526,79.41203,461.79688,86.92158
5553957443,2016-05-11 13:00:00,6,9.0,57.000004,96.999985,73.0,376.5511,78.87088,408.5479,87.10306
5553957443,2016-05-11 14:00:00,7,532.0,99.0,0.0,56.000004,356.44034,77.33665,362.4007,86.324326
5553957443,2016-05-11 15:00:00,8,523.0,91.0,37.999985,61.000004,344.85345,76.81558,298.54846,84.665726
5553957443,2016-05-11 16:00:00,9,302.0,75.0,152.0,71.0,447.4499,83.373474,672.2381,90.50332
5553957443,2016-05-11 17:00:00,10,10.0,57.000004,2245.0,160.0,557.728,89.94283,919.98254,96.353386
5553957443,2016-05-11 18:00:00,11,469.0,93.0,969.00006,120.0,500.2702,86.41866,829.0355,93.36855
5553957443,2016-05-11 19:00:00,12,745.0,92.0,309.0,86.0,402.05292,81.75342,789.573,91.11186
5553957443,2016-05-11 20:00:00,13,441.0,82.0,497.0,98.0,377.1206,80.55023,532.5978,87.27024
5553957443,2016-05-11 21:00:00,14,344.0,88.0,1098.0,116.0,387.17105,80.35899,476.66757,83.53749
5553957443,2016-05-11 22:00:00,15,-3.0517578e-05,55.0,971.0,114.0,380.08716,79.63643,353.53897,81.02103
5553957443,2016-05-11 23:00:00,16,29.0,57.000004,439.0,92.0,374.34695,79.59466,253.10783,80.07683
5553957443,2016-05-12 00:00:00,17,11.0,56.000004,108.999985,64.0,340.76294,78.017075,53.50923,76.622734
5553957443,2016-05-12 01:00:00,18,9.0,56.000004,0.0,55.0,320.69507,76.24426,0.0,72.993126
5553957443,2016-05-12 02:00:00,19,24.0,60.0,6.0,56.000004,310.9852,75.04086,14.606384,72.34178
5553957443,2016-05-12 03:00:00,20,-3.0517578e-05,55.0,0.0,55.0,290.9502,73.52252,0.0,71.09927
5553957443,2016-05-12 04:00:00,21,-3.0517578e-05,55.0,0.0,55.0,275.42917,73.1099,0.0,71.458435
5553957443,2016-05-12 05:00:00,22,54.999985,60.0,0.0,55.0,293.6859,74.628456,151.2075,76.0078
5553957443,2016-05-12 06:00:00,23,312.0,89.0,5.0,56.000004,383.71704,80.42346,470.72455,83.15951
5553957443,2016-05-12 07:00:00,24,2710.0,175.0,0.0,55.0,468.16577,84.19693,549.1555,85.39193
6117666160,2016-05-03 08:00:00,1,-3.0517578e-05,62.0,903.0,179.0,145.1489,76.349915,65.97043,91.0227
6117666160,2016-05-03 09:00:00,2,-3.0517578e-05,62.0,389.0,108.0,152.32799,77.01303,120.6808,89.419014
6117666160,2016-05-03 10:00:00,3,-3.0517578e-05,62.0,0.0,62.0,183.14023,79.45485,213.71445,90.848694
6117666160,2016-05-03 11:00:00,4,-3.0517578e-05,62.0,0.0,62.0,211.73909,81.95286,218.99895,88.84385
6117666160,2016-05-03 12:00:00,5,-3.0517578e-05,62.0,0.0,62.0,243.65564,85.64734,357.4504,92.635376
6117666160,2016-05-03 13:00:00,6,-3.0517578e-05,62.0,0.0,62.0,268.15677,88.57202,455.38867,95.79303
6117666160,2016-05-03 14:00:00,7,-3.0517578e-05,62.0,0.0,62.0,271.18573,89.19505,435.7804,92.29855
6117666160,2016-05-03 15:00:00,8,-3.0517578e-05,62.0,0.0,62.0,286.90994,90.89314,437.07526,91.18641
6117666160,2016-05-03 16:00:00,9,-3.0517578e-05,62.0,0.0,62.0,275.52603,90.066574,440.221,92.52132
6117666160,2016-05-03 17:00:00,10,-3.0517578e-05,62.0,0.0,62.0,297.65833,92.7851,427.26822,93.156586
6117666160,2016-05-03 18:00:00,11,-3.0517578e-05,62.0,0.0,62.0,301.25446,93.359344,520.084,98.171844
6117666160,2016-05-03 19:00:00,12,-3.0517578e-05,62.0,0.0,62.0,293.20792,92.38717,536.0921,99.07389
6117666160,2016-05-03 20:00:00,13,-3.0517578e-05,62.0,0.0,62.0,280.29865,91.22339,332.7046,95.00661
6117666160,2016-05-03 21:00:00,14,-3.0517578e-05,62.0,0.0,62.0,237.01526,87.10569,243.57446,88.68838
6117666160,2016-05-03 22:00:00,15,-3.0517578e-05,62.0,0.0,62.0,213.83566,84.46185,143.46655,80.240875
6117666160,2016-05-03 23:00:00,16,-3.0517578e-05,62.0,0.0,62.0,192.15103,82.00231,3.142517,75.47691
6117666160,2016-05-04 00:00:00,17,-3.0517578e-05,62.0,0.0,62.0,197.50159,82.037605,0.0,72.65707
6117666160,2016-05-04 01:00:00,18,-3.0517578e-05,62.0,0.0,62.0,196.41768,81.35577,0.0,66.45793
6117666160,2016-05-04 02:00:00,19,-3.0517578e-05,62.0,0.0,62.0,192.23111,80.88583,0.0,65.100334
6117666160,2016-05-04 03:00:00,20,-3.0517578e-05,62.0,0.0,62.0,201.0834,81.62825,0.0,65.16715
6117666160,2016-05-04 04:00:00,21,-3.0517578e-05,62.0,0.0,62.0,200.77594,81.44838,0.0,68.435455
6117666160,2016-05-04 05:00:00,22,-3.0517578e-05,62.0,0.0,62.0,210.91983,82.375046,13.6987,74.17752
6117666160,2016-05-04 06:00:00,23,-3.0517578e-05,62.0,0.0,62.0,226.41846,84.327484,113.212234,76.55392
6117666160,2016-05-04 07:00:00,24,-3.0517578e-05,62.0,0.0,62.0,265.008,88.48239,176.97891,79.71205
6117666160,2016-05-04 08:00:00,1,-3.0517578e-05,62.0,0.0,62.0,104.129074,72.00902,0.0,83.9165
6117666160,2016-05-04 09:00:00,2,-3.0517578e-05,62.0,0.0,62.0,124.42763,73.61496,77.08568,83.80252
6117666160,2016-05-04 10:00:00,3,-3.0517578e-05,62.0,0.0,62.0,127.43721,73.807045,108.40456,82.42695
6117666160,2016-05-04 11:00:00,4,-3.0517578e-05,62.0,0.0,62.0,129.51112,73.90012,91.74921,78.83009
6117666160,2016-05-04 12:00:00,5,-3.0517578e-05,62.0,0.0,62.0,145.76192,75.800896,179.88562,79.83494
6117666160,2016-05-04 13:00:00,6,-3.0517578e-05,62.0,0.0,62.0,139.49748,75.33045,165.76636,79.08165
6117666160,2016-05-04 14:00:00,7,-3.0517578e-05,62.0,0.0,62.0,133.48059,74.350815,137.79227,78.140884
6117666160,2016-05-04 15:00:00,8,-3.0517578e-05,62.0,0.0,62.0,161.07918,76.547226,157.37593,78.22534
6117666160,2016-05-04 16:00:00,9,-3.0517578e-05,62.0,0.0,62.0,152.36923,75.62955,153.16003,77.39903
6117666160,2016-05-04 17:00:00,10,-3.0517578e-05,62.0,0.0,62.0,144.96773,75.58638,78.162125,75.84448
6117666160,2016-05-04 18:00:00,11,620.0,152.0,0.0,62.0,136.2497,75.35716,136.43118,78.230804
6117666160,2016-05-04 19:00:00,12,907.0,199.0,0.0,62.0,147.78429,76.03908,241.09941,82.22971
6117666160,2016-05-04 20:00:00,13,720.0,149.0,0.0,62.0,147.71315,75.81211,101.382645,81.64906
6117666160,2016-05-04 21:00:00,14,384.0,115.0,0.0,62.0,111.30112,72.3128,39.13472,77.60228
6117666160,2016-05-04 22:00:00,15,13.0,69.0,0.0,62.0,123.657455,73.32944,58.31508,78.00125
6117666160,2016-05-04 23:00:00,16,353.0,96.0,0.0,62.0,135.22346,74.37861,29.397125,79.009674
6117666160,2016-05-05 00:00:00,17,-3.0517578e-05,63.0,0.0,62.0,140.50159,75.10771,0.0,79.31637
6117666160,2016-05-05 01:00:00,18,-3.0517578e-05,63.0,0.0,62.0,131.25906,74.51192,0.0,77.44498
6117666160,2016-05-05 02:00:00,19,-3.0517578e-05,63.0,0.0,62.0,122.52876,74.0282,6.883911,77.274376
6117666160,2016-05-05 03:00:00,20,6.0,64.0,0.0,62.0,108.24625,73.10051,0.0,76.4911
6117666160,2016-05-05 04:00:00,21,-3.0517578e-05,63.0,0.0,62.0,108.56412,73.25373,0.0,77.89543
6117666160,2016-05-05 05:00:00,22,-3.0517578e-05,63.0,0.0,62.0,135.8671,74.9948,45.413223,79.26181
6117666160,2016-05-05 06:00:00,23,6.0,65.0,0.0,62.0,141.67125,75.40957,110.76471,80.52156
6117666160,2016-05-05 07:00:00,24,516.0,124.0,0.0,62.0,137.0817,75.27242,85.78967,79.163376
6117666160,2016-05-05 08:00:00,1,395.0,106.0,0.0,62.0,409.8589,107.00228,492.85895,123.01576
6117666160,2016-05-05 09:00:00,2,836.0,163.0,0.0,62.0,390.106,104.19588,567.4032,123.012146
6117666160,2016-05-05 10:00:00,3,880.0,155.0,0.0,62.0,376.76205,102.226006,583.80554,119.322495
6117666160,2016-05-05 11:00:00,4,688.0,159.0,0.0,62.0,347.3866,98.94317,511.84296,111.48468
6117666160,2016-05-05 12:00:00,5,750.0,135.0,0.0,62.0,348.8553,98.4465,591.94006,109.839935
6117666160,2016-05-05 13:00:00,6,733.0,130.0,0.0,62.0,348.41727,98.69422,621.16016,111.83659
6117666160,2016-05-05 14:00:00,7,795.0,147.0,0.0,62.0,335.6172,97.8123,587.42993,110.86023
6117666160,2016-05-05 15:00:00,8,796.0,155.0,0.0,62.0,331.29135,97.72281,503.36926,104.08743
6117666160,2016-05-05 16:00:00,9,772.0,154.0,0.0,62.0,328.91034,97.25689,494.33893,104.110794
6117666160,2016-05-05 17:00:00,10,441.0,131.0,0.0,62.0,317.96436,96.97333,402.02512,103.27275
6117666160,2016-05-05 18:00:00,11,634.0,123.0,620.0,152.0,299.7843,95.57586,406.52374,102.13873
6117666160,2016-05-05 19:00:00,12,451.0,121.0,907.0,199.0,301.8255,94.99976,469.6218,103.37691
6117666160,2016-05-05 20:00:00,13,443.0,123.0,720.0,149.0,289.33517,93.51928,271.4164,99.86511
6117666160,2016-05-05 21:00:00,14,26.99997,69.0,384.0,115.0,250.83832,89.87642,152.76964,95.19291
6117666160,2016-05-05 22:00:00,15,630.0,136.0,13.0,69.0,230.88837,87.778984,74.40587,89.77707
6117666160,2016-05-05 23:00:00,16,-3.0517578e-05,62.0,353.0,96.0,234.64104,88.022415,20.435211,85.261826
6117666160,2016-05-06 00:00:00,17,-3.0517578e-05,63.0,0.0,63.0,225.25627,87.16021,0.0,80.58428
6117666160,2016-05-06 01:00:00,18,-3.0517578e-05,63.0,0.0,63.0,209.30591,85.1086,0.0,77.00442
6117666160,2016-05-06 02:00:00,19,-3.0517578e-05,63.0,0.0,63.0,204.59308,84.25224,0.0,75.54747
6117666160,2016-05-06 03:00:00,20,-3.0517578e-05,63.0,6.0,64.0,213.27425,85.23764,0.0,76.14859
6117666160,2016-05-06 04:00:00,21,-3.0517578e-05,63.0,0.0,63.0,214.03757,85.552155,0.0,77.77991
6117666160,2016-05-06 05:00:00,22,-3.0517578e-05,63.0,0.0,63.0,223.15553,86.42229,45.80101,83.00008
6117666160,2016-05-06 06:00:00,23,11.0,65.0,6.0,65.0,228.57181,87.19534,148.86823,87.4943
6117666160,2016-05-06 07:00:00,24,-3.0517578e-05,63.0,516.0,124.0,229.92763,87.79878,104.540085,85.75356
6117666160,2016-05-06 08:00:00,1,-3.0517578e-05,63.0,395.0,106.0,165.38483,81.24658,142.33707,103.28602
6117666160,2016-05-06 09:00:00,2,353.0,94.0,836.0,163.0,207.87296,84.513336,385.3629,108.66492
6117666160,2016-05-06 10:00:00,3,200.0,85.0,880.0,155.0,238.25375,87.177216,529.6363,112.3555
6117666160,2016-05-06 11:00:00,4,-3.0517578e-05,63.0,688.0,159.0,242.27313,88.07713,523.2734,109.17111
6117666160,2016-05-06 12:00:00,5,103.0,77.0,750.0,135.0,276.51233,91.713135,661.1527,110.94968
6117666160,2016-05-06 13:00:00,6,-3.0517578e-05,64.0,733.0,130.0,313.24304,95.501625,731.7272,113.84509
6117666160,2016-05-06 14:00:00,7,-3.0517578e-05,63.0,795.0,147.0,314.26486,95.961205,692.6854,111.68765
6117666160,2016-05-06 15:00:00,8,765.0,130.0,796.0,155.0,318.01968,96.379395,656.1998,107.32541
6117666160,2016-05-06 16:00:00,9,1149.0,148.0,772.0,154.0,309.7652,95.140045,685.4437,107.96908
6117666160,2016-05-06 17:00:00,10,-3.0517578e-05,62.0,441.0,131.0,298.87787,94.922356,532.95166,105.15379
6117666160,2016-05-06 18:00:00,11,421.0,111.0,634.0,123.0,287.2799,94.47649,514.0719,105.91858
6117666160,2016-05-06 19:00:00,12,146.0,86.0,451.0,121.0,284.1865,93.93095,591.6193,107.0063
6117666160,2016-05-06 20:00:00,13,32.0,72.0,443.0,123.0,272.3676,92.1322,370.90466,100.294624
6117666160,2016-05-06 21:00:00,14,127.0,86.0,26.99997,69.0,225.68369,87.04273,176.22502,91.95439
6117666160,2016-05-06 22:00:00,15,57.999985,67.0,630.0,136.0,198.64294,83.686035,74.36687,85.74838
6117666160,2016-05-06 23:00:00,16,-3.0517578e-05,63.0,0.0,62.0,183.15204,81.54599,0.0,79.21841
6117666160,2016-05-07 00:00:00,17,447.0,106.0,0.0,63.0,166.03479,79.883705,0.0,76.08629
6117666160,2016-05-07 01:00:00,18,-3.0517578e-05,62.0,0.0,63.0,160.03343,79.20077,0.0,74.521065
6117666160,2016-05-07 02:00:00,19,-3.0517578e-05,63.0,0.0,63.0,162.13968,79.71596,0.0,73.60921
6117666160,2016-05-07 03:00:00,20,-3.0517578e-05,63.0,0.0,63.0,166.01857,80.15573,0.0,70.935036
6117666160,2016-05-07 04:00:00,21,-3.0517578e-05,62.0,0.0,63.0,159.71687,79.60432,0.0,71.42
6117666160,2016-05-07 05:00:00,22,-3.0517578e-05,62.0,0.0,63.0,168.41449,80.57317,0.0,75.00985
6117666160,2016-05-07 06:00:00,23,-3.0517578e-05,63.0,11.0,65.0,183.18675,82.276764,0.0,79.59154
6117666160,2016-05-07 07:00:00,24,126.0,75.0,0.0,63.0,210.46056,85.194595,0.0,80.90161
6117666160,2016-05-07 08:00:00,1,462.0,116.0,0.0,63.0,219.42032,83.95076,127.943115,102.99797
6117666160,2016-05-07 09:00:00,2,557.0,132.0,353.0,94.0,252.82349,87.36221,275.36874,107.66407
6117666160,2016-05-07 10:00:00,3,642.0,149.0,200.0,85.0,276.1391,89.8297,385.2445,110.95262
6117666160,2016-05-07 11:00:00,4,754.0,175.0,0.0,63.0,290.28348,91.46415,393.35507,109.03905
6117666160,2016-05-07 12:00:00,5,399.0,133.0,103.0,77.0,305.0963,93.03598,482.79474,109.92915
6117666160,2016-05-07 13:00:00,6,694.0,163.0,0.0,64.0,320.62753,94.05887,496.549,109.287186
6117666160,2016-05-07 14:00:00,7,878.0,183.0,0.0,63.0,314.9857,93.84709,442.5625,105.40954
6117666160,2016-05-07 15:00:00,8,558.0,133.0,765.0,130.0,318.84122,94.89925,414.85663,100.94547
6117666160,2016-05-07 16:00:00,9,548.0,130.0,1149.0,148.0,303.62735,93.1905,436.10214,101.27686
6117666160,2016-05-07 17:00:00,10,522.0,132.0,0.0,62.0,310.4631,94.820076,346.6406,100.76286
6117666160,2016-05-07 18:00:00,11,296.0,97.0,421.0,111.0,305.37018,95.0824,405.16266,102.10326
6117666160,2016-05-07 19:00:00,12,187.0,85.0,146.0,86.0,288.6773,93.08031,419.30338,100.38237
6117666160,2016-05-07 20:00:00,13,14.9999695,67.0,32.0,72.0,281.09003,91.51349,249.1825,95.86842
6117666160,2016-05-07 21:00:00,14,247.0,90.0,127.0,86.0,270.4867,89.762,208.13342,91.55716
6117666160,2016-05-07 22:00:00,15,3.9999695,64.0,57.999985,67.0,263.89517,88.611046,160.04448,87.04951
6117666160,2016-05-07 23:00:00,16,-3.0517578e-05,63.0,0.0,63.0,253.80586,87.6389,47.631622,80.8886
6117666160,2016-05-08 00:00:00,17,148.99998,77.0,447.0,106.0,255.72424,88.186676,15.862091,78.26578
6117666160,2016-05-08 01:00:00,18,-3.0517578e-05,63.0,0.0,62.0,243.28326,86.57237,0.0,75.02068
6117666160,2016-05-08 02:00:00,19,-3.0517578e-05,63.0,0.0,63.0,230.07933,84.88136,0.0,72.597885
6117666160,2016-05-08 03:00:00,20,-3.0517578e-05,63.0,0.0,63.0,237.74379,85.07965,0.0,70.673706
6117666160,2016-05-08 04:00:00,21,11.9999695,65.0,0.0,62.0,243.38611,85.91791,23.653229,72.671234
6117666160,2016-05-08 05:00:00,22,-3.0517578e-05,63.0,0.0,62.0,247.4051,87.25531,69.17432,76.56779
6117666160,2016-05-08 06:00:00,23,-3.0517578e-05,63.0,0.0,63.0,247.79095,87.709435,165.85965,80.90634
6117666160,2016-05-08 07:00:00,24,-3.0517578e-05,63.0,126.0,75.0,253.88338,88.61075,150.49626,82.47741
6117666160,2016-05-08 08:00:00,1,-3.0517578e-05,63.0,462.0,116.0,212.87427,84.07129,131.29591,95.16186
6117666160,2016-05-08 09:00:00,2,543.0,122.0,557.0,132.0,227.28851,85.54616,263.78775,100.365814
6117666160,2016-05-08 10:00:00,3,373.0,113.0,642.0,149.0,241.76942,87.33773,344.22635,103.54051
6117666160,2016-05-08 11:00:00,4,375.0,108.0,754.0,175.0,254.60506,88.87391,340.71072,100.92352
6117666160,2016-05-08 12:00:00,5,362.0,121.0,399.0,133.0,254.26578,89.63894,393.18646,99.890564
6117666160,2016-05-08 13:00:00,6,419.0,115.0,694.0,163.0,262.04935,90.12703,434.22705,102.32248
6117666160,2016-05-08 14:00:00,7,267.0,99.0,878.0,183.0,245.85677,88.91994,370.68402,99.33784
6117666160,2016-05-08 15:00:00,8,868.0,154.0,558.0,133.0,263.1059,90.84128,350.76773,96.08106
6117666160,2016-05-08 16:00:00,9,651.0,121.0,548.0,130.0,249.76764,89.07016,317.20358,95.15107
6117666160,2016-05-08 17:00:00,10,1197.0,166.0,522.0,132.0,262.51028,90.65174,271.81335,98.39463
6117666160,2016-05-08 18:00:00,11,1569.0,164.0,296.0,97.0,267.66797,91.2746,365.68262,101.62778
6117666160,2016-05-08 19:00:00,12,240.0,86.0,187.0,85.0,262.14322,91.21578,419.49127,101.721306
6117666160,2016-05-08 20:00:00,13,3.9999695,66.0,14.9999695,67.0,251.4388,90.153275,257.09396,97.001656
6117666160,2016-05-08 21:00:00,14,9.0,71.0,247.0,90.0,226.54892,87.397675,209.23727,92.51326
6117666160,2016-05-08 22:00:00,15,290.0,103.0,3.9999695,64.0,223.86592,86.80798,165.50555,87.501236
6117666160,2016-05-08 23:00:00,16,-3.0517578e-05,63.0,0.0,63.0,217.811,85.99033,93.69266,83.36955
6117666160,2016-05-09 00:00:00,17,-3.0517578e-05,63.0,148.99998,77.0,225.70987,86.893776,14.2258,80.04629
6117666160,2016-05-09 01:00:00,18,-3.0517578e-05,63.0,0.0,63.0,213.46704,85.53975,7.822693,77.63007
6117666160,2016-05-09 02:00:00,19,7.0,64.0,0.0,63.0,195.82693,84.34731,0.0,76.44998
6117666160,2016-05-09 03:00:00,20,-3.0517578e-05,63.0,0.0,63.0,196.78662,84.54596,0.0,75.51878
6117666160,2016-05-09 04:00:00,21,-3.0517578e-05,62.0,11.9999695,65.0,202.4015,84.91488,0.0,76.3985
6117666160,2016-05-09 05:00:00,22,3.9999695,64.0,0.0,63.0,210.75168,85.90629,32.956146,81.21382
6117666160,2016-05-09 06:00:00,23,17.0,66.0,0.0,63.0,209.51144,85.79905,98.52139,83.89726
6117666160,2016-05-09 07:00:00,24,408.0,104.0,0.0,63.0,214.1377,86.104706,78.44289,83.62525
7086361926,2016-05-03 08:00:00,1,-3.0517578e-05,73.0,32.0,76.0,442.47522,116.4777,437.29614,140.89594
7086361926,2016-05-03 09:00:00,2,213.0,85.0,187.0,81.0,372.79016,106.36076,423.2243,137.14178
7086361926,2016-05-03 10:00:00,3,160.0,84.0,91.999985,78.0,347.18173,100.022,497.2541,130.90015
7086361926,2016-05-03 11:00:00,4,138.99998,79.0,34.0,73.0,306.62143,101.475235,383.21115,120.69147
7086361926,2016-05-03 12:00:00,5,150.99998,86.0,229.0,93.0,433.35822,108.44867,767.5436,125.67789
7086361926,2016-05-03 13:00:00,6,3619.0,290.0,3575.0,292.0,725.054,125.50902,1348.9116,145.74445
7086361926,2016-05-03 14:00:00,7,210.0,85.0,0.0,73.0,438.04538,108.01038,876.75073,128.19186
7086361926,2016-05-03 15:00:00,8,227.0,91.0,219.0,95.0,335.16763,97.78801,666.76245,119.396194
7086361926,2016-05-03 16:00:00,9,819.0,135.0,842.0,141.0,453.35266,114.163536,1062.7783,132.9177
7086361926,2016-05-03 17:00:00,10,1219.0,390.0,1426.0,398.0,612.2821,146.88414,1383.2422,152.09723
7086361926,2016-05-03 18:00:00,11,1889.0,252.0,2592.0,326.0,644.3535,137.99567,1566.3358,154.75146
7086361926,2016-05-03 19:00:00,12,41.999985,88.0,130.0,95.0,384.6256,111.86455,1098.6152,136.22083
7086361926,2016-05-03 20:00:00,13,267.0,102.0,0.0,83.0,321.0527,106.45435,565.13525,122.63205
7086361926,2016-05-03 21:00:00,14,628.0,135.0,0.0,72.0,356.4695,106.3563,498.4039,120.299835
7086361926,2016-05-03 22:00:00,15,134.99998,82.0,106.0,89.0,373.326,107.16234,299.25156,111.67274
7086361926,2016-05-03 23:00:00,16,328.0,109.0,6.0,70.0,401.56876,108.76298,175.48422,107.31694
7086361926,2016-05-04 00:00:00,17,-3.0517578e-05,68.0,0.0,69.0,341.17795,103.76021,0.0,98.52936
7086361926,2016-05-04 01:00:00,18,-3.0517578e-05,68.0,0.0,68.0,261.8199,97.07973,0.0,92.3235
7086361926,2016-05-04 02:00:00,19,-3.0517578e-05,68.0,0.0,69.0,291.75928,94.50588,0.0,89.288536
7086361926,2016-05-04 03:00:00,20,-3.0517578e-05,68.0,0.0,68.0,337.41434,99.30821,0.0,88.207825
7086361926,2016-05-04 04:00:00,21,-3.0517578e-05,68.0,0.0,68.0,300.43427,95.36413,0.0,87.49359
7086361926,2016-05-04 05:00:00,22,-3.0517578e-05,68.0,0.0,68.0,274.3277,92.25617,0.0,95.93832
7086361926,2016-05-04 06:00:00,23,20.0,72.0,13.0,71.0,336.2355,100.24718,144.03531,104.76416
7086361926,2016-05-04 07:00:00,24,309.0,109.0,229.0,108.0,402.18066,108.53562,280.19717,109.13474
7086361926,2016-05-04 08:00:00,1,140.99998,80.0,0.0,73.0,440.96884,114.57719,411.84088,139.9808
7086361926,2016-05-04 09:00:00,2,48.0,74.0,213.0,85.0,323.70227,95.324165,353.5871,140.45988
7086361926,2016-05-04 10:00:00,3,165.0,84.0,160.0,84.0,399.59418,98.49496,567.23914,136.25818
7086361926,2016-05-04 11:00:00,4,34.0,74.0,138.99998,79.0,276.75925,100.0575,412.01062,122.42035
7086361926,2016-05-04 12:00:00,5,317.0,99.0,150.99998,86.0,383.5197,102.03087,591.26465,126.324905
7086361926,2016-05-04 13:00:00,6,1398.0,159.0,3619.0,290.0,782.51544,122.6712,1267.7771,150.19823
7086361926,2016-05-04 14:00:00,7,38.999985,73.0,210.0,85.0,419.28943,103.29622,669.63293,128.61765
7086361926,2016-05-04 15:00:00,8,218.0,84.0,227.0,91.0,260.94482,87.76983,399.9089,117.13847
7086361926,2016-05-04 16:00:00,9,904.0,141.0,819.0,135.0,431.1504,108.945175,809.7398,134.00034
7086361926,2016-05-04 17:00:00,10,6091.0,590.0,1219.0,390.0,645.6832,163.89465,1488.0913,159.62402
7086361926,2016-05-04 18:00:00,11,877.0,172.0,1889.0,252.0,783.1432,153.31427,1777.013,161.76186
7086361926,2016-05-04 19:00:00,12,262.0,113.0,41.999985,88.0,389.2627,110.14097,975.15393,140.91571
7086361926,2016-05-04 20:00:00,13,-3.0517578e-05,81.0,267.0,102.0,302.4272,99.39272,483.36426,123.58284
7086361926,2016-05-04 21:00:00,14,30.0,85.0,628.0,135.0,405.3386,105.48712,650.88196,122.56232
7086361926,2016-05-04 22:00:00,15,127.0,87.0,134.99998,82.0,400.27798,110.18236,359.55585,114.217125
7086361926,2016-05-04 23:00:00,16,7.9999695,70.0,328.0,109.0,439.28345,110.12169,218.30849,113.22728
7086361926,2016-05-05 00:00:00,17,-3.0517578e-05,68.0,0.0,68.0,433.35324,111.374115,1.0936584,102.9359
7086361926,2016-05-05 01:00:00,18,-3.0517578e-05,68.0,0.0,68.0,342.61865,101.1292,0.0,93.025375
7086361926,2016-05-05 02:00:00,19,-3.0517578e-05,68.0,0.0,68.0,324.45422,93.030525,0.0,84.30749
7086361926,2016-05-05 03:00:00,20,-3.0517578e-05,68.0,0.0,68.0,368.76575,99.7237,0.0,82.980095
7086361926,2016-05-05 04:00:00,21,-3.0517578e-05,68.0,0.0,68.0,318.33652,94.707695,0.0,85.933685
7086361926,2016-05-05 05:00:00,22,-3.0517578e-05,68.0,0.0,68.0,272.7192,90.49874,0.0,92.43622
7086361926,2016-05-05 06:00:00,23,-3.0517578e-05,68.0,20.0,72.0,314.0623,96.12368,124.19133,100.58376
7086361926,2016-05-05 07:00:00,24,389.0,123.0,309.0,109.0,443.2241,111.8363,202.25925,106.09053
7086361926,2016-05-05 08:00:00,1,387.0,109.0,140.99998,80.0,497.0348,122.03564,518.02637,146.07639
7086361926,2016-05-05 09:00:00,2,-3.0517578e-05,70.0,48.0,74.0,339.21906,103.26757,286.37704,142.52484
7086361926,2016-05-05 10:00:00,3,156.99998,85.0,165.0,84.0,395.855,100.93636,558.1384,140.2331
7086361926,2016-05-05 11:00:00,4,265.0,89.0,34.0,74.0,308.77213,102.0,443.34192,128.35487
7086361926,2016-05-05 12:00:00,5,65.999985,79.0,317.0,99.0,373.84787,105.99777,590.9896,135.83148
7086361926,2016-05-05 13:00:00,6,4946.0,384.0,1398.0,159.0,743.18665,127.679474,1200.5671,156.72823
7086361926,2016-05-05 14:00:00,7,25.0,87.0,38.999985,73.0,510.54138,116.08216,846.1949,140.27347
7086361926,2016-05-05 15:00:00,8,71.0,82.0,218.0,84.0,336.86676,99.65936,551.6466,126.802765
7086361926,2016-05-05 16:00:00,9,519.0,116.0,904.0,141.0,415.25037,110.21275,715.6117,130.86691
7086361926,2016-05-05 17:00:00,10,556.0,130.0,6091.0,590.0,606.68494,154.0868,1451.1892,146.40088
7086361926,2016-05-05 18:00:00,11,187.0,97.0,877.0,172.0,674.9578,141.4255,1389.558,148.59015
7086361926,2016-05-05 19:00:00,12,142.99998,91.0,262.0,113.0,348.2757,103.29241,637.11255,128.44962
7086361926,2016-05-05 20:00:00,13,451.0,114.0,0.0,81.0,305.1116,95.447174,276.7181,113.40939
7086361926,2016-05-05 21:00:00,14,81.999985,78.0,30.0,85.0,415.05496,102.26366,466.2373,113.10106
7086361926,2016-05-05 22:00:00,15,180.99998,88.0,127.0,87.0,419.46997,107.58194,272.51126,106.077446
7086361926,2016-05-05 23:00:00,16,99.999985,84.0,7.9999695,70.0,393.61795,102.14688,186.55853,102.75129
7086361926,2016-05-06 00:00:00,17,44.999985,75.0,0.0,68.0,352.94336,98.84335,0.0,87.82682
7086361926,2016-05-06 01:00:00,18,205.0,90.0,0.0,68.0,281.03,90.03363,0.0,82.13304
7086361926,2016-05-06 02:00:00,19,-3.0517578e-05,68.0,0.0,68.0,300.23703,88.46149,0.0,77.41513
7086361926,2016-05-06 03:00:00,20,-3.0517578e-05,69.0,0.0,68.0,379.1532,101.40958,0.0,77.355225
7086361926,2016-05-06 04:00:00,21,-3.0517578e-05,68.0,0.0,68.0,383.61032,99.18277,0.0,85.86371
7086361926,2016-05-06 05:00:00,22,-3.0517578e-05,68.0,0.0,68.0,309.6289,91.88062,0.0,92.92412
7086361926,2016-05-06 06:00:00,23,17.0,72.0,0.0,68.0,303.81506,95.01892,0.0,98.42048
7086361926,2016-05-06 07:00:00,24,1298.0,168.0,389.0,123.0,452.50122,111.37929,148.6281,103.520775
7086361926,2016-05-06 08:00:00,1,255.0,92.0,387.0,109.0,639.34436,126.90725,622.4441,153.6405
7086361926,2016-05-06 09:00:00,2,166.0,83.0,0.0,70.0,440.86127,111.56575,482.234,148.66913
7086361926,2016-05-06 10:00:00,3,52.0,79.0,156.99998,85.0,552.2151,113.76477,718.13654,146.94647
7086361926,2016-05-06 11:00:00,4,67.0,74.0,265.0,89.0,517.9091,116.54272,539.9744,135.34961
7086361926,2016-05-06 12:00:00,5,158.99998,92.0,65.999985,79.0,500.7533,115.49574,620.45996,134.45853
7086361926,2016-05-06 13:00:00,6,4869.0,353.0,4946.0,384.0,784.7162,128.52158,1342.1295,147.09882
7086361926,2016-05-06 14:00:00,7,539.0,104.0,25.0,87.0,520.2146,114.99878,675.449,130.82532
7086361926,2016-05-06 15:00:00,8,76.0,81.0,71.0,82.0,355.3153,101.08753,369.4105,118.68361
7086361926,2016-05-06 16:00:00,9,1048.0,151.0,519.0,116.0,444.7694,108.54035,651.99976,123.26676
7086361926,2016-05-06 17:00:00,10,983.0,421.0,556.0,130.0,657.23804,138.78072,1239.1082,141.25894
7086361926,2016-05-06 18:00:00,11,2024.0,270.0,187.0,97.0,769.68274,136.90538,1412.086,147.63623
7086361926,2016-05-06 19:00:00,12,351.0,126.0,142.99998,91.0,480.3084,112.76262,878.88416,132.72313
7086361926,2016-05-06 20:00:00,13,288.0,106.0,451.0,114.0,376.3847,103.015205,396.6977,117.076225
7086361926,2016-05-06 21:00:00,14,18.99997,75.0,81.999985,78.0,474.70236,107.10412,631.5184,117.71457
7086361926,2016-05-06 22:00:00,15,-3.0517578e-05,71.0,180.99998,88.0,471.21927,110.556725,369.94974,106.52811
7086361926,2016-05-06 23:00:00,16,-3.0517578e-05,68.0,99.999985,84.0,474.51752,111.83457,345.06497,104.68687
7086361926,2016-05-07 00:00:00,17,20.0,75.0,44.999985,75.0,484.72174,112.393,112.1122,95.465805
7086361926,2016-05-07 01:00:00,18,-3.0517578e-05,68.0,205.0,90.0,481.50238,111.420616,62.039337,94.56744
7086361926,2016-05-07 02:00:00,19,-3.0517578e-05,69.0,0.0,68.0,429.99628,105.32578,212.81621,85.07852
7086361926,2016-05-07 03:00:00,20,-3.0517578e-05,68.0,0.0,69.0,421.79852,106.46193,0.0,79.8665
7086361926,2016-05-07 04:00:00,21,-3.0517578e-05,68.0,0.0,68.0,476.80518,108.22571,31.187134,89.791084
7086361926,2016-05-07 05:00:00,22,-3.0517578e-05,68.0,0.0,68.0,393.28833,101.91343,128.20218,98.92884
7086361926,2016-05-07 06:00:00,23,-3.0517578e-05,72.0,17.0,72.0,388.15347,104.636375,292.6996,100.235886
7086361926,2016-05-07 07:00:00,24,-3.0517578e-05,69.0,1298.0,168.0,545.2641,117.37778,347.49738,105.48116
7086361926,2016-05-07 08:00:00,1,-3.0517578e-05,69.0,255.0,92.0,429.75128,103.70902,386.3142,131.07274
7086361926,2016-05-07 09:00:00,2,46.999985,84.0,166.0,83.0,272.4307,93.84675,298.34396,129.45596
7086361926,2016-05-07 10:00:00,3,286.0,124.0,52.0,79.0,337.8578,94.09424,540.19507,128.27246
7086361926,2016-05-07 11:00:00,4,544.0,141.0,67.0,74.0,280.1143,95.85559,358.87372,118.04317
7086361926,2016-05-07 12:00:00,5,3925.0,308.0,158.99998,92.0,365.46893,100.5621,674.55316,122.4136
7086361926,2016-05-07 13:00:00,6,1330.0,170.0,4869.0,353.0,645.6,115.231964,1338.0211,135.8209
7086361926,2016-05-07 14:00:00,7,1724.0,201.0,539.0,104.0,461.57184,109.99193,795.35077,123.8813
7086361926,2016-05-07 15:00:00,8,538.0,132.0,76.0,81.0,308.6369,95.256256,412.43823,113.90867
7086361926,2016-05-07 16:00:00,9,434.0,130.0,1048.0,151.0,335.0264,98.35647,500.2731,115.75326
7086361926,2016-05-07 17:00:00,10,886.0,125.0,983.0,421.0,517.17584,130.09827,1069.5408,126.643814
7086361926,2016-05-07 18:00:00,11,865.0,145.0,2024.0,270.0,600.0526,120.800606,1189.3268,131.8326
7086361926,2016-05-07 19:00:00,12,7.0,72.0,351.0,126.0,349.7648,101.295845,724.386,122.555405
7086361926,2016-05-07 20:00:00,13,336.0,95.0,288.0,106.0,297.78586,98.92547,322.64438,113.352264
7086361926,2016-05-07 21:00:00,14,1746.0,211.0,18.99997,75.0,383.03714,103.06959,578.0565,113.999985
7086361926,2016-05-07 22:00:00,15,132.99998,100.0,0.0,71.0,385.21436,105.46326,332.15033,106.53168
7086361926,2016-05-07 23:00:00,16,6.0,74.0,0.0,68.0,391.29236,106.55573,173.46692,103.25098
7086361926,2016-05-08 00:00:00,17,25.0,78.0,20.0,75.0,405.06592,108.98328,0.0,92.332985
7086361926,2016-05-08 01:00:00,18,-3.0517578e-05,68.0,0.0,68.0,333.31534,101.03412,0.0,85.233955
7086361926,2016-05-08 02:00:00,19,-3.0517578e-05,68.0,0.0,69.0,296.72134,95.12574,0.0,78.29961
7086361926,2016-05-08 03:00:00,20,-3.0517578e-05,68.0,0.0,68.0,287.7789,95.74953,0.0,72.086494
7086361926,2016-05-08 04:00:00,21,-3.0517578e-05,68.0,0.0,68.0,286.4385,96.55341,0.0,80.312164
7086361926,2016-05-08 05:00:00,22,-3.0517578e-05,68.0,0.0,68.0,295.65958,96.22902,0.0,89.17666
7086361926,2016-05-08 06:00:00,23,-3.0517578e-05,68.0,0.0,72.0,279.015,96.259224,37.489334,92.60311
7086361926,2016-05-08 07:00:00,24,7.0,70.0,0.0,69.0,391.98813,104.74845,178.7172,95.733215
7086361926,2016-05-08 08:00:00,1,-3.0517578e-05,70.0,0.0,69.0,399.463,100.17599,181.1796,129.56606
7086361926,2016-05-08 09:00:00,2,542.0,138.0,46.999985,84.0,343.25897,99.068756,392.78705,133.08969
7086361926,2016-05-08 10:00:00,3,-3.0517578e-05,73.0,286.0,124.0,399.78748,98.56953,564.4772,133.83704
7086361926,2016-05-08 11:00:00,4,26.0,76.0,544.0,141.0,367.37323,103.452866,532.29785,128.19125
7086361926,2016-05-08 12:00:00,5,370.0,108.0,3925.0,308.0,478.00858,110.88442,895.83594,134.26149
7086361926,2016-05-08 13:00:00,6,85.999985,88.0,1330.0,170.0,764.16016,121.89504,1540.7906,145.38028
7086361926,2016-05-08 14:00:00,7,184.0,97.0,1724.0,201.0,481.68866,109.194305,813.28625,128.87875
7086361926,2016-05-08 15:00:00,8,3428.0,267.0,538.0,132.0,374.02728,97.35427,569.19244,121.5595
7086361926,2016-05-08 16:00:00,9,2870.0,251.0,434.0,130.0,416.33508,104.44792,784.3015,126.936
7086361926,2016-05-08 17:00:00,10,1164.0,147.0,886.0,125.0,560.6333,132.7936,1150.6132,138.2127
7086361926,2016-05-08 18:00:00,11,-3.0517578e-05,69.0,865.0,145.0,711.03357,129.92886,1480.5094,145.31627
7086361926,2016-05-08 19:00:00,12,377.0,111.0,7.0,72.0,468.86386,110.466705,963.1885,134.92995
7086361926,2016-05-08 20:00:00,13,987.0,162.0,336.0,95.0,372.60455,104.1172,467.24768,122.137665
7086361926,2016-05-08 21:00:00,14,123.0,94.0,1746.0,211.0,448.6496,103.795425,666.85205,120.26719
7086361926,2016-05-08 22:00:00,15,120.999985,93.0,132.99998,100.0,427.2922,106.66374,466.8393,114.521255
7086361926,2016-05-08 23:00:00,16,367.0,132.0,6.0,74.0,462.59528,112.432686,457.69318,113.51469
7086361926,2016-05-09 00:00:00,17,-3.0517578e-05,68.0,25.0,78.0,444.85895,111.46444,217.7305,103.26571
7086361926,2016-05-09 01:00:00,18,-3.0517578e-05,68.0,0.0,68.0,396.34125,106.05061,97.48309,101.33575
7086361926,2016-05-09 02:00:00,19,-3.0517578e-05,69.0,0.0,68.0,449.5904,105.5957,300.58124,98.67805
7086361926,2016-05-09 03:00:00,20,-3.0517578e-05,68.0,0.0,68.0,382.48026,104.721245,114.76866,92.51442
7086361926,2016-05-09 04:00:00,21,-3.0517578e-05,68.0,0.0,68.0,331.37317,99.17255,0.0,93.337906
7086361926,2016-05-09 05:00:00,22,-3.0517578e-05,68.0,0.0,68.0,363.4865,98.81075,157.2467,101.70288
7086361926,2016-05-09 06:00:00,23,20.0,73.0,0.0,68.0,351.68768,99.3926,259.76636,105.445175
7086361926,2016-05-09 07:00:00,24,286.0,114.0,7.0,70.0,409.28564,104.21205,220.42398,106.138374
7086361926,2016-05-09 08:00:00,1,356.0,101.0,0.0,70.0,481.2788,117.7655,211.69069,145.06165
7086361926,2016-05-09 09:00:00,2,204.0,87.0,542.0,138.0,404.25595,113.02142,283.10428,143.75739
7086361926,2016-05-09 10:00:00,3,32.0,71.0,0.0,73.0,405.1678,105.56144,430.46643,136.97414
7086361926,2016-05-09 11:00:00,4,158.99998,81.0,26.0,76.0,342.90894,105.43607,390.516,130.44727
7086361926,2016-05-09 12:00:00,5,383.0,97.0,370.0,108.0,449.2522,113.98999,851.54706,139.73456
7086361926,2016-05-09 13:00:00,6,5277.0,369.0,85.999985,88.0,888.6254,132.40244,1700.7137,156.29785
7086361926,2016-05-09 14:00:00,7,762.0,119.0,184.0,97.0,491.93863,116.69334,971.24066,140.00403
7086361926,2016-05-09 15:00:00,8,50.999985,74.0,3428.0,267.0,426.5246,109.33658,848.05286,131.07556
7086361926,2016-05-09 16:00:00,9,955.0,147.0,2870.0,251.0,538.8409,120.55291,1215.7585,140.55406
7086361926,2016-05-09 17:00:00,10,1120.0,356.0,1164.0,147.0,636.54675,141.36697,1464.7548,151.83287
7086361926,2016-05-09 18:00:00,11,2415.0,296.0,0.0,69.0,755.01245,138.95258,1800.8104,154.66205
7086361926,2016-05-09 19:00:00,12,968.0,204.0,377.0,111.0,550.365,121.63591,1390.135,143.61208
7086361926,2016-05-09 20:00:00,13,437.0,140.0,987.0,162.0,473.36505,115.04674,769.2277,132.20126
7086361926,2016-05-09 21:00:00,14,132.99998,83.0,123.0,94.0,501.3479,109.78923,688.552,125.45409
7086361926,2016-05-09 22:00:00,15,-3.0517578e-05,69.0,120.999985,93.0,446.05414,108.76578,372.7168,118.31121
7086361926,2016-05-09 23:00:00,16,-3.0517578e-05,68.0,367.0,132.0,486.88928,113.94491,264.82376,116.09238
7086361926,2016-05-10 00:00:00,17,-3.0517578e-05,68.0,0.0,68.0,448.39716,109.09388,0.0,107.561
7086361926,2016-05-10 01:00:00,18,-3.0517578e-05,68.0,0.0,68.0,380.32852,103.797806,0.0,101.19859
7086361926,2016-05-10 02:00:00,19,-3.0517578e-05,68.0,0.0,69.0,399.83453,100.17741,0.0,93.39681
7086361926,2016-05-10 03:00:00,20,-3.0517578e-05,68.0,0.0,68.0,290.80356,97.52423,0.0,86.884995
7086361926,2016-05-10 04:00:00,21,-3.0517578e-05,68.0,0.0,68.0,319.42877,98.04724,0.0,87.18874
7086361926,2016-05-10 05:00:00,22,-3.0517578e-05,68.0,0.0,68.0,323.7318,94.71651,0.0,98.70102
7086361926,2016-05-10 06:00:00,23,-3.0517578e-05,68.0,20.0,73.0,371.80646,102.05842,73.65173,105.81205
7086361926,2016-05-10 07:00:00,24,296.0,110.0,286.0,114.0,384.59634,105.94653,25.899048,106.212814
7086361926,2016-05-10 08:00:00,1,138.99998,87.0,356.0,101.0,410.35867,109.89897,207.55301,137.76978
7086361926,2016-05-10 09:00:00,2,195.0,82.0,204.0,87.0,362.23636,103.28397,324.61322,138.79437
7086361926,2016-05-10 10:00:00,3,177.0,80.0,32.0,71.0,371.5717,99.28757,439.09946,133.6579
7086361926,2016-05-10 11:00:00,4,171.0,84.0,158.99998,81.0,292.82626,99.81233,304.8512,123.23273
7086361926,2016-05-10 12:00:00,5,138.0,82.0,383.0,97.0,440.215,107.07867,737.8992,132.8234
7086361926,2016-05-10 13:00:00,6,4917.0005,358.0,5277.0,369.0,948.8343,133.95038,1700.6705,158.12854
7086361926,2016-05-10 14:00:00,7,106.0,83.0,762.0,119.0,479.64032,110.19548,931.6897,134.84695
7086361926,2016-05-10 15:00:00,8,41.999985,72.0,50.999985,74.0,326.14334,96.61396,658.7881,123.60248
7086361926,2016-05-10 16:00:00,9,1063.0,153.0,955.0,147.0,515.22284,116.90305,1128.7534,139.66423
7086361926,2016-05-10 17:00:00,10,6235.0,576.0,1120.0,356.0,688.02045,151.55063,1530.98,158.72192
7086361926,2016-05-10 18:00:00,11,803.0,162.0,2415.0,296.0,740.5417,141.35355,1695.1338,159.26295
7086361926,2016-05-10 19:00:00,12,63.0,92.0,968.0,204.0,439.7452,115.55023,1115.0647,140.48328
7086361926,2016-05-10 20:00:00,13,-3.0517578e-05,76.0,437.0,140.0,362.81622,109.17965,524.5412,127.63818
7086361926,2016-05-10 21:00:00,14,-3.0517578e-05,76.0,132.99998,83.0,399.63235,106.82674,548.779,124.27835
7086361926,2016-05-10 22:00:00,15,61.999985,78.0,0.0,69.0,385.20364,107.41426,302.50812,115.16796
7086361926,2016-05-10 23:00:00,16,-3.0517578e-05,68.0,0.0,68.0,442.3708,111.58336,192.00523,111.171165
7086361926,2016-05-11 00:00:00,17,-3.0517578e-05,68.0,0.0,68.0,378.60178,108.324455,0.0,103.33234
7086361926,2016-05-11 01:00:00,18,6.0,70.0,0.0,68.0,303.49274,104.069534,0.0,97.42893
7086361926,2016-05-11 02:00:00,19,-3.0517578e-05,68.0,0.0,68.0,364.61172,100.886086,40.118286,92.70863
7086361926,2016-05-11 03:00:00,20,-3.0517578e-05,68.0,0.0,68.0,393.05298,105.77958,0.0,93.11007
7086361926,2016-05-11 04:00:00,21,-3.0517578e-05,68.0,0.0,68.0,369.50308,103.8235,0.0,93.04213
7086361926,2016-05-11 05:00:00,22,-3.0517578e-05,68.0,0.0,68.0,318.69476,98.88046,0.0,102.49741
7086361926,2016-05-11 06:00:00,23,22.99997,72.0,0.0,68.0,377.03482,107.29091,240.97736,109.473785
7086361926,2016-05-11 07:00:00,24,278.0,112.0,296.0,110.0,439.29614,114.082825,226.75928,112.75824
7086361926,2016-05-11 08:00:00,1,162.99998,87.0,138.99998,87.0,510.3665,116.816986,328.04736,138.71016
7086361926,2016-05-11 09:00:00,2,160.99998,80.0,195.0,82.0,382.88672,105.4557,297.0227,141.88603
7086361926,2016-05-11 10:00:00,3,162.0,83.0,177.0,80.0,427.2473,104.79959,613.85516,134.89966
7086361926,2016-05-11 11:00:00,4,102.0,77.0,171.0,84.0,340.34607,103.43707,360.40814,124.58628
7086361926,2016-05-11 12:00:00,5,96.999985,84.0,138.0,82.0,470.57935,110.7695,714.2263,130.6814
7086361926,2016-05-11 13:00:00,6,3597.0,287.0,4917.0005,358.0,896.98206,135.85036,1644.3179,154.36157
7086361926,2016-05-11 14:00:00,7,30.99997,75.0,106.0,83.0,561.7727,115.926895,943.9645,135.51407
7086361926,2016-05-11 15:00:00,8,13.0,72.0,41.999985,72.0,334.25717,96.464134,438.16663,117.45813
7086361926,2016-05-11 16:00:00,9,1134.0,163.0,1063.0,153.0,465.67108,111.35337,808.0289,128.40187
7086361926,2016-05-11 17:00:00,10,1253.0,403.0,6235.0,576.0,700.1011,147.26219,1473.4537,148.53569
7086361926,2016-05-11 18:00:00,11,2155.0,295.0,803.0,162.0,715.19763,136.23062,1333.515,148.45685
7086361926,2016-05-11 19:00:00,12,287.0,120.0,63.0,92.0,385.48404,107.32396,765.8626,126.69952
7086361926,2016-05-11 20:00:00,13,77.999985,90.0,0.0,76.0,359.0484,105.82601,293.97452,115.451935
7086361926,2016-05-11 21:00:00,14,-3.0517578e-05,79.0,0.0,76.0,419.2255,105.15193,389.15732,116.4338
7086361926,2016-05-11 22:00:00,15,32.0,76.0,61.999985,78.0,379.06116,104.53117,119.0065,102.74751
7086361926,2016-05-11 23:00:00,16,-3.0517578e-05,70.0,0.0,68.0,368.75363,104.61653,0.0,98.97882
7086361926,2016-05-12 00:00:00,17,-3.0517578e-05,68.0,0.0,68.0,398.01617,106.80928,0.0,94.28145
7086361926,2016-05-12 01:00:00,18,-3.0517578e-05,68.0,6.0,70.0,346.69058,103.60134,0.0,86.31436
7086361926,2016-05-12 02:00:00,19,-3.0517578e-05,68.0,0.0,68.0,348.6211,96.93645,0.0,78.82866
7086361926,2016-05-12 03:00:00,20,-3.0517578e-05,68.0,0.0,68.0,401.64502,104.26433,0.0,80.54535
7086361926,2016-05-12 04:00:00,21,-3.0517578e-05,68.0,0.0,68.0,353.87848,100.918686,0.0,83.27618
7086361926,2016-05-12 05:00:00,22,-3.0517578e-05,68.0,0.0,68.0,297.89917,91.91876,0.0,89.75931
7086361926,2016-05-12 06:00:00,23,-3.0517578e-05,69.0,22.99997,72.0,354.43497,102.46289,35.591705,100.007835
7086361926,2016-05-12 07:00:00,24,53.999985,84.0,278.0,112.0,534.4979,121.090454,230.25894,109.57634
8053475328,2016-05-03 08:00:00,1,-3.0517578e-05,73.0,0.0,73.0,277.6088,95.185295,0.0,119.318275
8053475328,2016-05-03 09:00:00,2,-3.0517578e-05,73.0,0.0,73.0,190.11084,89.451385,0.0,121.98604
8053475328,2016-05-03 10:00:00,3,-3.0517578e-05,73.0,0.0,73.0,228.45145,92.90335,12.49173,122.61702
8053475328,2016-05-03 11:00:00,4,-3.0517578e-05,73.0,0.0,73.0,316.27866,99.50387,54.59874,118.443375
8053475328,2016-05-03 12:00:00,5,273.0,112.0,0.0,73.0,209.12454,91.58512,186.90573,116.677376
8053475328,2016-05-03 13:00:00,6,156.0,95.0,0.0,73.0,374.4321,104.13372,485.46436,125.20879
8053475328,2016-05-03 14:00:00,7,4407.0,414.0,0.0,73.0,497.15762,113.97027,855.142,122.00511
8053475328,2016-05-03 15:00:00,8,359.0,113.0,0.0,73.0,337.39688,101.434555,264.5178,113.13697
8053475328,2016-05-03 16:00:00,9,509.0,120.0,0.0,73.0,264.0477,95.98247,134.89589,107.06251
8053475328,2016-05-03 17:00:00,10,3934.0,357.0,87.0,83.0,292.19235,100.14434,278.33768,110.72792
8053475328,2016-05-03 18:00:00,11,502.0,128.0,663.0,155.0,579.2622,121.362404,1173.0071,128.5812
8053475328,2016-05-03 19:00:00,12,3641.0,341.0,721.0,148.0,723.431,129.89749,1505.3522,135.72116
8053475328,2016-05-03 20:00:00,13,601.0,117.0,48.999985,86.0,398.89484,106.976974,525.7548,118.43924
8053475328,2016-05-03 21:00:00,14,383.0,128.0,57.999985,82.0,474.6231,113.96633,774.8434,124.78495
8053475328,2016-05-03 22:00:00,15,256.0,100.0,146.99998,96.0,596.8307,121.96339,980.7932,127.649445
8053475328,2016-05-03 23:00:00,16,-3.0517578e-05,75.0,119.999985,91.0,382.68597,106.10389,504.8114,114.62207
8053475328,2016-05-04 00:00:00,17,65.999985,89.0,316.0,104.0,339.17578,101.99575,29.303528,96.7672
8053475328,2016-05-04 01:00:00,18,-3.0517578e-05,75.0,146.99998,88.0,341.91876,102.12048,16.793121,93.80031
8053475328,2016-05-04 02:00:00,19,180.0,95.0,0.0,73.0,362.85718,103.447945,163.60841,99.069786
8053475328,2016-05-04 03:00:00,20,-3.0517578e-05,73.0,0.0,73.0,424.02948,108.13761,181.81717,98.89187
8053475328,2016-05-04 04:00:00,21,-3.0517578e-05,73.0,0.0,73.0,346.21338,102.671936,0.0,97.864845
8053475328,2016-05-04 05:00:00,22,-3.0517578e-05,73.0,0.0,73.0,404.09848,106.667175,17.698639,109.26332
8053475328,2016-05-04 06:00:00,23,-3.0517578e-05,73.0,0.0,73.0,437.33862,109.43326,165.38858,112.32175
8053475328,2016-05-04 07:00:00,24,-3.0517578e-05,73.0,0.0,73.0,348.76913,102.87648,0.0,95.09938
8053475328,2016-05-04 08:00:00,1,-3.0517578e-05,73.0,0.0,73.0,317.12228,97.32415,0.0,119.22845
8053475328,2016-05-04 09:00:00,2,-3.0517578e-05,73.0,0.0,73.0,284.92303,96.13018,106.36105,134.81598
8053475328,2016-05-04 10:00:00,3,-3.0517578e-05,73.0,0.0,73.0,380.51547,103.53348,295.5637,135.8954
8053475328,2016-05-04 11:00:00,4,-3.0517578e-05,73.0,0.0,73.0,494.52737,113.531906,386.20807,148.77774
8053475328,2016-05-04 12:00:00,5,395.0,121.0,273.0,112.0,383.2274,106.47737,584.85236,149.13464
8053475328,2016-05-04 13:00:00,6,138.0,93.0,156.0,95.0,606.8447,122.073494,1170.1724,158.78809
8053475328,2016-05-04 14:00:00,7,4075.0,370.0,4407.0,414.0,709.36163,129.89105,1700.0123,154.21997
8053475328,2016-05-04 15:00:00,8,158.99998,95.0,359.0,113.0,471.35358,111.79512,760.93036,139.60136
8053475328,2016-05-04 16:00:00,9,354.0,104.0,509.0,120.0,400.89938,106.68049,624.9512,134.18832
8053475328,2016-05-04 17:00:00,10,20.0,82.0,3934.0,357.0,527.2916,117.51998,946.2001,140.42432
8053475328,2016-05-04 18:00:00,11,127.0,94.0,502.0,128.0,741.8971,134.207,1510.0931,156.60101
8053475328,2016-05-04 19:00:00,12,3961.0,355.0,3641.0,341.0,904.6648,144.7503,2173.9775,169.1409
8053475328,2016-05-04 20:00:00,13,36.999985,76.0,601.0,117.0,564.2158,119.6644,1115.1274,147.82613
8053475328,2016-05-04 21:00:00,14,2853.0,298.0,383.0,128.0,543.94275,119.56407,1176.0449,150.79027
8053475328,2016-05-04 22:00:00,15,2135.0,229.0,256.0,100.0,638.4789,125.13664,1236.0715,140.2207
8053475328,2016-05-04 23:00:00,16,63.0,83.0,0.0,75.0,429.17218,108.79283,595.0128,121.526855
8053475328,2016-05-05 00:00:00,17,25.0,79.0,65.999985,89.0,403.83923,106.250015,0.0,96.730606
8053475328,2016-05-05 01:00:00,18,-3.0517578e-05,76.0,0.0,75.0,460.53333,110.94947,0.0,103.013466
8053475328,2016-05-05 02:00:00,19,59.0,79.0,180.0,95.0,493.37335,113.59393,56.056396,99.40577
8053475328,2016-05-05 03:00:00,20,-3.0517578e-05,73.0,0.0,73.0,530.04443,116.06836,30.548737,97.017334
8053475328,2016-05-05 04:00:00,21,-3.0517578e-05,73.0,0.0,73.0,430.0014,107.99659,0.0,93.629395
8053475328,2016-05-05 05:00:00,22,-3.0517578e-05,73.0,0.0,73.0,474.83688,111.4204,0.0,111.271065
8053475328,2016-05-05 06:00:00,23,-3.0517578e-05,73.0,0.0,73.0,565.7746,118.23675,149.26135,119.59018
8053475328,2016-05-05 07:00:00,24,-3.0517578e-05,73.0,0.0,73.0,451.34622,109.6889,0.0,95.09735
8053475328,2016-05-05 08:00:00,1,-3.0517578e-05,73.0,0.0,73.0,452.01904,107.49159,0.0,136.03316
8053475328,2016-05-05 09:00:00,2,-3.0517578e-05,73.0,0.0,73.0,384.57532,104.411125,362.1189,136.17401
8053475328,2016-05-05 10:00:00,3,-3.0517578e-05,73.0,0.0,73.0,507.7528,112.92343,532.17346,140.96823
8053475328,2016-05-05 11:00:00,4,142.99998,91.0,0.0,73.0,533.4287,115.599434,310.97922,143.81209
8053475328,2016-05-05 12:00:00,5,532.0,132.0,395.0,121.0,366.7375,105.25615,477.6338,135.68954
8053475328,2016-05-05 13:00:00,6,222.0,93.0,138.0,93.0,603.1411,122.1259,1067.8755,148.65894
8053475328,2016-05-05 14:00:00,7,3848.0,348.0,4075.0,370.0,849.9681,139.86374,1814.7118,159.59966
8053475328,2016-05-05 15:00:00,8,175.0,91.0,158.99998,95.0,544.9189,116.41264,832.75507,134.81992
8053475328,2016-05-05 16:00:00,9,67.0,81.0,354.0,104.0,438.0976,109.17153,617.7764,132.96088
8053475328,2016-05-05 17:00:00,10,270.0,108.0,20.0,82.0,541.6304,118.02632,807.6092,137.50009
8053475328,2016-05-05 18:00:00,11,576.0,144.0,127.0,94.0,807.763,137.80983,1517.9835,154.22488
8053475328,2016-05-05 19:00:00,12,4501.0,383.0,3961.0,355.0,1014.4344,151.19885,2286.751,169.28104
8053475328,2016-05-05 20:00:00,13,13.0,78.0,36.999985,76.0,611.9867,122.68763,1131.5181,148.8919
8053475328,2016-05-05 21:00:00,14,4119.0,405.0,2853.0,298.0,681.3395,130.44156,1376.1464,153.27582
8053475328,2016-05-05 22:00:00,15,440.0,107.0,2135.0,229.0,780.605,135.71054,1342.0328,149.38013
8053475328,2016-05-05 23:00:00,16,-3.0517578e-05,75.0,63.0,83.0,495.72327,114.084694,682.1941,122.620346
8053475328,2016-05-06 00:00:00,17,64.0,82.0,25.0,79.0,421.90204,107.55216,7.704315,100.97488
8053475328,2016-05-06 01:00:00,18,76.999985,83.0,0.0,76.0,400.4894,105.70226,0.0,92.95046
8053475328,2016-05-06 02:00:00,19,81.999985,80.0,59.0,79.0,439.6489,108.28745,0.0,90.51806
8053475328,2016-05-06 03:00:00,20,-3.0517578e-05,73.0,0.0,73.0,469.67834,110.44308,0.0,88.03507
8053475328,2016-05-06 04:00:00,21,-3.0517578e-05,73.0,0.0,73.0,340.67133,100.961586,0.0,82.21526
8053475328,2016-05-06 05:00:00,22,-3.0517578e-05,73.0,0.0,73.0,362.9594,102.22282,0.0,97.077
8053475328,2016-05-06 06:00:00,23,-3.0517578e-05,73.0,0.0,73.0,496.91718,113.182434,92.75221,109.57914
8053475328,2016-05-06 07:00:00,24,-3.0517578e-05,73.0,0.0,73.0,401.28455,105.48604,0.0,100.77714
8053475328,2016-05-06 08:00:00,1,-3.0517578e-05,73.0,0.0,73.0,380.79898,101.9822,0.0,125.14038
8053475328,2016-05-06 09:00:00,2,-3.0517578e-05,73.0,0.0,73.0,391.77234,104.03877,280.49915,137.88162
8053475328,2016-05-06 10:00:00,3,-3.0517578e-05,73.0,0.0,73.0,491.66028,111.15399,443.22284,135.51195
8053475328,2016-05-06 11:00:00,4,-3.0517578e-05,73.0,142.99998,91.0,469.40802,110.82306,239.81189,138.75542
8053475328,2016-05-06 12:00:00,5,-3.0517578e-05,73.0,532.0,132.0,451.59106,110.93526,633.91907,134.16171
8053475328,2016-05-06 13:00:00,6,240.0,103.0,222.0,93.0,634.5062,123.96872,1120.013,149.28192
8053475328,2016-05-06 14:00:00,7,4251.0,400.0,3848.0,348.0,884.9138,141.43028,1865.7625,154.69212
8053475328,2016-05-06 15:00:00,8,-3.0517578e-05,73.0,175.0,91.0,649.38916,123.74568,1085.1809,133.92793
8053475328,2016-05-06 16:00:00,9,-3.0517578e-05,73.0,67.0,81.0,421.74243,108.09365,669.1123,126.412964
8053475328,2016-05-06 17:00:00,10,80.999985,86.0,270.0,108.0,531.11487,117.46719,707.47595,135.34326
8053475328,2016-05-06 18:00:00,11,184.0,104.0,576.0,144.0,681.25183,129.1075,1116.7391,146.62053
8053475328,2016-05-06 19:00:00,12,4010.0,379.0,4501.0,383.0,945.3051,146.54868,2321.4731,155.44954
8053475328,2016-05-06 20:00:00,13,-3.0517578e-05,73.0,13.0,78.0,621.3379,123.896675,785.2827,148.7538
8053475328,2016-05-06 21:00:00,14,1532.0,211.0,4119.0,405.0,633.7389,127.373535,1000.8832,151.52036
8053475328,2016-05-06 22:00:00,15,3395.0,305.0,440.0,107.0,678.88416,127.68584,1163.6267,138.25772
8053475328,2016-05-06 23:00:00,16,36.999985,82.0,0.0,75.0,445.94867,109.156456,449.0481,114.331085
8053475328,2016-05-07 00:00:00,17,80.0,86.0,64.0,82.0,390.66162,104.867386,0.0,99.67078
8053475328,2016-05-07 01:00:00,18,-3.0517578e-05,73.0,76.999985,83.0,456.3595,110.31939,0.0,102.67939
8053475328,2016-05-07 02:00:00,19,-3.0517578e-05,73.0,81.999985,80.0,550.9424,116.60719,0.0,93.99184
8053475328,2016-05-07 03:00:00,20,-3.0517578e-05,73.0,0.0,73.0,535.15076,115.65508,0.0,94.43844
8053475328,2016-05-07 04:00:00,21,57.999985,78.0,0.0,73.0,497.17313,112.894196,0.0,90.92564
8053475328,2016-05-07 05:00:00,22,-3.0517578e-05,73.0,0.0,73.0,475.24796,110.30496,0.0,104.074844
8053475328,2016-05-07 06:00:00,23,-3.0517578e-05,73.0,0.0,73.0,596.533,119.88254,156.56956,117.32676
8053475328,2016-05-07 07:00:00,24,-3.0517578e-05,73.0,0.0,73.0,508.36273,112.648384,0.0,102.93089
8053475328,2016-05-07 08:00:00,1,-3.0517578e-05,73.0,0.0,73.0,350.0545,99.70317,108.87315,133.347
8053475328,2016-05-07 09:00:00,2,-3.0517578e-05,73.0,0.0,73.0,383.92667,102.82669,466.91528,138.02222
8053475328,2016-05-07 10:00:00,3,-3.0517578e-05,73.0,0.0,73.0,374.2767,102.383736,358.52225,135.12051
8053475328,2016-05-07 11:00:00,4,-3.0517578e-05,73.0,0.0,73.0,379.70087,103.32121,100.01727,129.50015
8053475328,2016-05-07 12:00:00,5,-3.0517578e-05,73.0,0.0,73.0,414.9472,107.43783,534.23645,131.21904
8053475328,2016-05-07 13:00:00,6,178.99998,97.0,240.0,103.0,548.24243,117.08052,1096.617,143.42943
8053475328,2016-05-07 14:00:00,7,3349.0,313.0,4251.0,400.0,710.24084,128.43158,1412.9127,144.0131
8053475328,2016-05-07 15:00:00,8,980.00006,153.0,0.0,73.0,515.2463,113.79782,856.3275,127.79297
8053475328,2016-05-07 16:00:00,9,4746.0,424.0,0.0,73.0,354.7819,102.47776,649.1673,121.89909
8053475328,2016-05-07 17:00:00,10,2344.0,270.0,80.999985,86.0,455.97415,111.58394,616.1028,133.14777
8053475328,2016-05-07 18:00:00,11,606.0,154.0,184.0,104.0,658.42725,126.39918,1280.1562,141.40796
8053475328,2016-05-07 19:00:00,12,4255.0,402.0,4010.0,379.0,883.4142,141.3579,2240.5884,153.32265
8053475328,2016-05-07 20:00:00,13,-3.0517578e-05,73.0,0.0,73.0,574.11835,119.45343,884.1512,144.64323
8053475328,2016-05-07 21:00:00,14,970.0,163.0,1532.0,211.0,619.43445,124.827736,1229.4902,148.20792
8053475328,2016-05-07 22:00:00,15,2070.0,225.0,3395.0,305.0,676.0729,125.68121,1304.0914,141.18272
8053475328,2016-05-07 23:00:00,16,131.99998,91.0,36.999985,82.0,446.78217,108.93447,577.20416,118.40784
8053475328,2016-05-08 00:00:00,17,230.0,100.0,80.0,86.0,383.5946,104.60883,0.0,102.642204
8053475328,2016-05-08 01:00:00,18,7.9999695,76.0,0.0,73.0,459.8922,110.00532,99.52826,97.42798
8053475328,2016-05-08 02:00:00,19,87.0,82.0,0.0,73.0,489.76193,111.51132,138.35045,95.6259
8053475328,2016-05-08 03:00:00,20,18.99997,79.0,0.0,73.0,457.1055,109.20389,0.0,90.62811
8053475328,2016-05-08 04:00:00,21,156.99998,89.0,57.999985,78.0,421.2779,106.99556,0.0,84.284
8053475328,2016-05-08 05:00:00,22,-3.0517578e-05,73.0,0.0,73.0,341.2139,100.28799,0.0,95.27863
8053475328,2016-05-08 06:00:00,23,-3.0517578e-05,73.0,0.0,73.0,481.21863,111.65218,50.202774,107.7668
8053475328,2016-05-08 07:00:00,24,-3.0517578e-05,73.0,0.0,73.0,453.29636,109.31468,50.79843,101.96234
8053475328,2016-05-08 08:00:00,1,-3.0517578e-05,73.0,0.0,73.0,355.36707,101.01635,0.0,132.95786
8053475328,2016-05-08 09:00:00,2,-3.0517578e-05,73.0,0.0,73.0,365.2961,102.02554,111.64967,134.55478
8053475328,2016-05-08 10:00:00,3,-3.0517578e-05,73.0,0.0,73.0,353.4505,101.02592,69.563965,131.659
8053475328,2016-05-08 11:00:00,4,-3.0517578e-05,73.0,0.0,73.0,355.674,101.86398,0.0,128.88611
8053475328,2016-05-08 12:00:00,5,177.0,93.0,0.0,73.0,356.16257,104.400314,398.15598,131.41362
8053475328,2016-05-08 13:00:00,6,6.0,78.0,178.99998,97.0,543.04016,118.45836,976.91144,147.83777
8053475328,2016-05-08 14:00:00,7,4214.0,391.0,3349.0,313.0,773.2517,134.37431,1442.3594,153.32877
8053475328,2016-05-08 15:00:00,8,575.0,135.0,980.00006,153.0,588.968,121.030785,1140.1794,140.85141
8053475328,2016-05-08 16:00:00,9,919.0,167.0,4746.0,424.0,481.89417,113.67641,1021.5447,135.46602
8053475328,2016-05-08 17:00:00,10,1310.0,199.0,2344.0,270.0,539.6913,119.26487,967.12555,140.92363
8053475328,2016-05-08 18:00:00,11,910.00006,175.0,606.0,154.0,656.2474,127.97568,1402.3032,148.94234
8053475328,2016-05-08 19:00:00,12,4336.0,413.0,4255.0,402.0,799.114,136.80743,2299.269,157.35394
8053475328,2016-05-08 20:00:00,13,142.99998,96.0,0.0,73.0,578.6761,122.08126,976.35956,151.69969
8053475328,2016-05-08 21:00:00,14,7617.0,649.0,970.0,163.0,676.6854,130.86502,1395.2306,158.19116
8053475328,2016-05-08 22:00:00,15,1255.0,172.0,2070.0,225.0,735.8031,132.62279,1468.7528,149.69109
8053475328,2016-05-08 23:00:00,16,63.0,86.0,131.99998,91.0,515.36804,116.499954,714.4011,125.88356
8053475328,2016-05-09 00:00:00,17,-3.0517578e-05,75.0,230.0,100.0,436.77472,110.330414,77.1638,111.80116
8053475328,2016-05-09 01:00:00,18,49.999985,80.0,7.9999695,76.0,443.86105,110.57983,16.05539,109.40833
8053475328,2016-05-09 02:00:00,19,-3.0517578e-05,73.0,87.0,82.0,476.19196,111.82551,105.9816,99.96894
8053475328,2016-05-09 03:00:00,20,34.0,76.0,18.99997,79.0,494.58743,113.70729,0.0,103.010796
8053475328,2016-05-09 04:00:00,21,-3.0517578e-05,73.0,156.99998,89.0,487.00824,113.35361,0.0,99.78349
8053475328,2016-05-09 05:00:00,22,-3.0517578e-05,73.0,0.0,73.0,417.61496,107.486435,0.0,108.02655
8053475328,2016-05-09 06:00:00,23,-3.0517578e-05,73.0,0.0,73.0,551.80304,117.263626,13.155548,117.97109
8053475328,2016-05-09 07:00:00,24,-3.0517578e-05,73.0,0.0,73.0,483.73007,111.600266,0.0,111.36279
8053475328,2016-05-09 08:00:00,1,-3.0517578e-05,73.0,0.0,73.0,410.00485,105.44983,0.0,140.29031
8053475328,2016-05-09 09:00:00,2,-3.0517578e-05,73.0,0.0,73.0,407.96677,106.31966,190.13962,144.24033
8053475328,2016-05-09 10:00:00,3,-3.0517578e-05,73.0,0.0,73.0,494.7127,112.00902,414.59076,149.10281
8053475328,2016-05-09 11:00:00,4,-3.0517578e-05,73.0,0.0,73.0,500.2284,113.22515,183.18492,143.31592
8053475328,2016-05-09 12:00:00,5,532.0,128.0,177.0,93.0,436.59427,110.64563,442.57867,139.623
8053475328,2016-05-09 13:00:00,6,1580.0,210.0,6.0,78.0,556.6415,119.020905,763.58496,149.95073
8053475328,2016-05-09 14:00:00,7,4983.0,415.0,4214.0,391.0,881.1479,142.09283,1496.8729,160.42523
8053475328,2016-05-09 15:00:00,8,80.999985,87.0,575.0,135.0,575.85144,119.25455,991.8807,141.13174
8053475328,2016-05-09 16:00:00,9,139.99998,87.0,919.0,167.0,511.79163,114.55322,987.26965,139.25418
8053475328,2016-05-09 17:00:00,10,198.0,108.0,1310.0,199.0,612.3775,123.80012,1198.8723,148.0927
8053475328,2016-05-09 18:00:00,11,4074.0,376.0,910.00006,175.0,768.55066,136.0505,1666.8915,159.75041
8053475328,2016-05-09 19:00:00,12,14.9999695,80.0,4336.0,413.0,893.8924,143.23177,2367.3438,167.93658
8053475328,2016-05-09 20:00:00,13,7.0,77.0,142.99998,96.0,561.6658,119.62293,1202.7054,156.35268
8053475328,2016-05-09 21:00:00,14,693.0,151.0,7617.0,649.0,844.686,141.95676,1942.7158,167.587
8053475328,2016-05-09 22:00:00,15,25.0,77.0,1255.0,172.0,827.8158,137.98853,1829.7548,159.01337
8053475328,2016-05-09 23:00:00,16,52.999985,83.0,63.0,86.0,488.6252,112.94303,778.61865,128.3529
8053475328,2016-05-10 00:00:00,17,20.0,79.0,0.0,75.0,499.59732,113.74045,287.0264,114.10664
8053475328,2016-05-10 01:00:00,18,-3.0517578e-05,75.0,49.999985,80.0,541.6745,117.36214,285.91522,113.15661
8053475328,2016-05-10 02:00:00,19,162.0,88.0,0.0,73.0,537.71606,115.8226,254.25174,103.100296
8053475328,2016-05-10 03:00:00,20,-3.0517578e-05,73.0,34.0,76.0,569.9467,117.823204,142.994,101.24871
8053475328,2016-05-10 04:00:00,21,-3.0517578e-05,73.0,0.0,73.0,533.5054,116.005035,60.09311,102.11053
8053475328,2016-05-10 05:00:00,22,-3.0517578e-05,73.0,0.0,73.0,455.77826,109.09773,0.0,109.43588
8053475328,2016-05-10 06:00:00,23,-3.0517578e-05,73.0,0.0,73.0,552.5297,116.474915,113.82797,115.379395
8053475328,2016-05-10 07:00:00,24,-3.0517578e-05,73.0,0.0,73.0,519.9335,114.47121,283.0748,113.243355
8053475328,2016-05-10 08:00:00,1,-3.0517578e-05,73.0,0.0,73.0,399.4433,104.86752,0.0,136.26381
8053475328,2016-05-10 09:00:00,2,-3.0517578e-05,73.0,0.0,73.0,361.31885,102.77628,292.13626,140.20206
8053475328,2016-05-10 10:00:00,3,-3.0517578e-05,73.0,0.0,73.0,402.97705,105.48712,243.1516,140.28381
8053475328,2016-05-10 11:00:00,4,115.0,83.0,0.0,73.0,488.0683,111.98237,284.59277,140.76178
8053475328,2016-05-10 12:00:00,5,71.0,85.0,532.0,128.0,403.7701,107.97102,467.57684,140.23227
8053475328,2016-05-10 13:00:00,6,3485.0,339.0,1580.0,210.0,527.5782,117.10042,506.5266,153.94081
8053475328,2016-05-10 14:00:00,7,666.0,129.0,4983.0,415.0,980.664,148.68073,1833.1147,154.5563
8053475328,2016-05-10 15:00:00,8,234.0,101.0,80.999985,87.0,568.5671,119.39983,836.6448,140.93643
8053475328,2016-05-10 16:00:00,9,349.0,105.0,139.99998,87.0,415.8614,108.461006,554.1173,131.83261
8053475328,2016-05-10 17:00:00,10,4496.0005,381.0,198.0,108.0,457.91763,112.76626,640.93835,137.01039
8053475328,2016-05-10 18:00:00,11,1641.0,214.0,4074.0,376.0,717.13464,131.59387,1444.5435,147.15048
8053475328,2016-05-10 19:00:00,12,2755.0,278.0,14.9999695,80.0,821.52954,137.5837,1770.7335,153.27051
8053475328,2016-05-10 20:00:00,13,3.9999695,77.0,7.0,77.0,466.17285,112.50023,669.46204,142.97202
8053475328,2016-05-10 21:00:00,14,545.0,128.0,693.0,151.0,746.3409,134.9912,1396.7445,158.54257
8053475328,2016-05-10 22:00:00,15,126.0,88.0,25.0,77.0,835.5576,139.26465,1527.9628,151.51904
8053475328,2016-05-10 23:00:00,16,140.99998,94.0,52.999985,83.0,469.41315,112.17672,517.4689,123.557045
8053475328,2016-05-11 00:00:00,17,54.999985,81.0,20.0,79.0,395.19107,106.560265,0.0,102.74211
8053475328,2016-05-11 01:00:00,18,5.0,76.0,0.0,75.0,448.60205,109.92881,0.0,96.56343
8053475328,2016-05-11 02:00:00,19,11.0,79.0,162.0,88.0,461.24005,109.68486,0.0,92.27906
8053475328,2016-05-11 03:00:00,20,7.9999695,76.0,0.0,73.0,510.38382,112.65238,0.0,87.01596
8053475328,2016-05-11 04:00:00,21,97.999985,84.0,0.0,73.0,442.00177,108.92827,0.0,89.47029
8053475328,2016-05-11 05:00:00,22,-3.0517578e-05,73.0,0.0,73.0,468.25806,109.45202,0.0,101.44952
8053475328,2016-05-11 06:00:00,23,-3.0517578e-05,73.0,0.0,73.0,616.05005,121.06372,0.0,113.49261
8053475328,2016-05-11 07:00:00,24,-3.0517578e-05,73.0,0.0,73.0,516.2366,114.49028,11.731995,103.80253
8053475328,2016-05-11 08:00:00,1,-3.0517578e-05,73.0,0.0,73.0,441.28467,107.098915,0.0,137.46686
8053475328,2016-05-11 09:00:00,2,-3.0517578e-05,73.0,0.0,73.0,448.2744,108.4343,588.8307,147.91911
8053475328,2016-05-11 10:00:00,3,-3.0517578e-05,73.0,0.0,73.0,495.33026,110.78471,734.8767,151.36848
8053475328,2016-05-11 11:00:00,4,44.0,80.0,115.0,83.0,515.05756,113.393326,449.23376,146.9844
8053475328,2016-05-11 12:00:00,5,662.0,146.0,71.0,85.0,447.84235,111.78232,851.948,147.28522
8053475328,2016-05-11 13:00:00,6,309.0,114.0,3485.0,339.0,675.49646,127.57828,1167.2756,166.49812
8053475328,2016-05-11 14:00:00,7,2789.0,288.0,666.0,129.0,955.21185,146.33247,2012.4731,155.97292
8053475328,2016-05-11 15:00:00,8,1699.0,202.0,234.0,101.0,463.81482,110.48203,803.9204,133.23697
8053475328,2016-05-11 16:00:00,9,770.0,157.0,349.0,105.0,368.15372,103.42613,580.728,131.43295
8053475328,2016-05-11 17:00:00,10,730.0,145.0,4496.0005,381.0,481.56573,113.08829,754.728,137.44315
8053475328,2016-05-11 18:00:00,11,3960.0,356.0,1641.0,214.0,716.51526,130.96957,1450.2758,146.8894
8053475328,2016-05-11 19:00:00,12,7.9999695,77.0,2755.0,278.0,848.90704,138.58083,1708.7822,154.4158
8053475328,2016-05-11 20:00:00,13,-3.0517578e-05,75.0,3.9999695,77.0,469.27042,111.761284,610.975,137.66827
8053475328,2016-05-11 21:00:00,14,896.0,164.0,545.0,128.0,736.9606,134.01318,1330.4684,150.6589
8053475328,2016-05-11 22:00:00,15,48.999985,82.0,126.0,88.0,744.32544,131.59181,1120.3159,140.6362
8053475328,2016-05-11 23:00:00,16,115.999985,91.0,140.99998,94.0,383.29688,104.32772,330.4481,112.42528
8053475328,2016-05-12 00:00:00,17,33.0,80.0,54.999985,81.0,353.8696,102.475586,0.0,94.47681
8053475328,2016-05-12 01:00:00,18,-3.0517578e-05,73.0,5.0,76.0,397.54364,106.43418,0.0,93.15191
8053475328,2016-05-12 02:00:00,19,108.999985,81.0,11.0,79.0,414.9517,106.98929,0.0,92.845856
8053475328,2016-05-12 03:00:00,20,-3.0517578e-05,73.0,7.9999695,76.0,507.3084,113.30366,0.0,89.33459
8053475328,2016-05-12 04:00:00,21,-3.0517578e-05,73.0,97.999985,84.0,393.38303,105.95938,0.0,89.11656
8053475328,2016-05-12 05:00:00,22,-3.0517578e-05,73.0,0.0,73.0,381.1436,103.232956,0.0,104.65207
8053475328,2016-05-12 06:00:00,23,-3.0517578e-05,73.0,0.0,73.0,561.6139,116.763626,208.45303,117.293976
8053475328,2016-05-12 07:00:00,24,-3.0517578e-05,73.0,0.0,73.0,503.34076,113.146805,170.45262,109.21845
