ActivityHour,StepTotal,Calories
2026-05-01 00:00:00,36,98
2026-05-01 01:00:00,30,114
2026-05-01 02:00:00,10,114
2026-05-01 03:00:00,47,85
2026-05-01 04:00:00,26,92
2026-05-01 05:00:00,32,119
2026-05-01 06:00:00,36,89
2026-05-01 07:00:00,5,89
2026-05-01 08:00:00,7,86
2026-05-01 09:00:00,525,88
2026-05-01 10:00:00,545,91
2026-05-01 11:00:00,404,118
2026-05-01 12:00:00,473,118
2026-05-01 13:00:00,199,61
2026-05-01 14:00:00,279,86
2026-05-01 15:00:00,297,91
2026-05-01 16:00:00,143,84
2026-05-01 17:00:00,475,67
2026-05-01 18:00:00,399,103
2026-05-01 19:00:00,1311,231
2026-05-01 20:00:00,1825,152
2026-05-01 21:00:00,45,107
2026-05-01 22:00:00,11,63
2026-05-01 23:00:00,49,95
2026-05-02 00:00:00,40,77
2026-05-02 01:00:00,5,87
2026-05-02 02:00:00,15,67
2026-05-02 03:00:00,44,109
2026-05-02 04:00:00,41,79
2026-05-02 05:00:00,49,60
2026-05-02 06:00:00,47,66
2026-05-02 07:00:00,15,62
2026-05-02 08:00:00,27,90
2026-05-02 09:00:00,102,96
2026-05-02 10:00:00,235,107
2026-05-02 11:00:00,233,100
2026-05-02 12:00:00,220,75
2026-05-02 13:00:00,317,91
2026-05-02 14:00:00,505,110
2026-05-02 15:00:00,363,87
2026-05-02 16:00:00,250,85
2026-05-02 17:00:00,192,111
2026-05-02 18:00:00,137,74
2026-05-02 19:00:00,1393,217
2026-05-02 20:00:00,1803,158
2026-05-02 21:00:00,46,96
2026-05-02 22:00:00,32,60
2026-05-02 23:00:00,45,94
2026-05-03 00:00:00,23,66
2026-05-03 01:00:00,36,114
2026-05-03 02:00:00,48,98
2026-05-03 03:00:00,37,67
2026-05-03 04:00:00,3,99
2026-05-03 05:00:00,34,111
2026-05-03 06:00:00,6,107
2026-05-03 07:00:00,46,64
2026-05-03 08:00:00,7,103
2026-05-03 09:00:00,340,79
2026-05-03 10:00:00,215,61
2026-05-03 11:00:00,531,86
2026-05-03 12:00:00,343,93
2026-05-03 13:00:00,512,77
2026-05-03 14:00:00,217,102
2026-05-03 15:00:00,127,113
2026-05-03 16:00:00,590,61
2026-05-03 17:00:00,470,110
2026-05-03 18:00:00,111,61
2026-05-03 19:00:00,2151,274
2026-05-03 20:00:00,2169,173
2026-05-03 21:00:00,48,87
2026-05-03 22:00:00,19,105
2026-05-03 23:00:00,23,65
2026-05-04 00:00:00,37,64
2026-05-04 01:00:00,24,102
2026-05-04 02:00:00,42,95
2026-05-04 03:00:00,44,117
2026-05-04 04:00:00,21,100
2026-05-04 05:00:00,15,116
2026-05-04 06:00:00,22,88
2026-05-04 07:00:00,12,96
2026-05-04 08:00:00,1,106
2026-05-04 09:00:00,410,71
2026-05-04 10:00:00,137,110
2026-05-04 11:00:00,207,102
2026-05-04 12:00:00,176,86
2026-05-04 13:00:00,178,72
2026-05-04 14:00:00,328,87
2026-05-04 15:00:00,220,95
2026-05-04 16:00:00,171,101
2026-05-04 17:00:00,533,116
2026-05-04 18:00:00,120,72
2026-05-04 19:00:00,2273,286
2026-05-04 20:00:00,2447,257
2026-05-04 21:00:00,7,114
2026-05-04 22:00:00,30,108
2026-05-04 23:00:00,17,62
2026-05-05 00:00:00,32,60
2026-05-05 01:00:00,31,116
2026-05-05 02:00:00,8,79
2026-05-05 03:00:00,29,118
2026-05-05 04:00:00,44,119
2026-05-05 05:00:00,39,102
2026-05-05 06:00:00,39,78
2026-05-05 07:00:00,11,109
2026-05-05 08:00:00,19,101
2026-05-05 09:00:00,578,64
2026-05-05 10:00:00,523,95
2026-05-05 11:00:00,493,102
2026-05-05 12:00:00,490,89
2026-05-05 13:00:00,542,84
2026-05-05 14:00:00,273,84
2026-05-05 15:00:00,546,89
2026-05-05 16:00:00,359,60
2026-05-05 17:00:00,288,61
2026-05-05 18:00:00,421,96
2026-05-05 19:00:00,1182,168
2026-05-05 20:00:00,2026,227
2026-05-05 21:00:00,30,99
2026-05-05 22:00:00,4,87
2026-05-05 23:00:00,44,62
2026-05-06 00:00:00,14,116
2026-05-06 01:00:00,10,62
2026-05-06 02:00:00,22,105
2026-05-06 03:00:00,45,88
2026-05-06 04:00:00,48,85
2026-05-06 05:00:00,38,75
2026-05-06 06:00:00,40,118
2026-05-06 07:00:00,27,69
2026-05-06 08:00:00,0,71
2026-05-06 09:00:00,448,119
2026-05-06 10:00:00,309,66
2026-05-06 11:00:00,368,64
2026-05-06 12:00:00,400,89
2026-05-06 13:00:00,207,72
2026-05-06 14:00:00,566,109
2026-05-06 15:00:00,502,103
2026-05-06 16:00:00,541,68
2026-05-06 17:00:00,133,81
2026-05-06 18:00:00,438,106
2026-05-06 19:00:00,2083,226
2026-05-06 20:00:00,2301,293
2026-05-06 21:00:00,12,97
2026-05-06 22:00:00,44,98
2026-05-06 23:00:00,48,105
2026-05-07 00:00:00,46,90
2026-05-07 01:00:00,12,83
2026-05-07 02:00:00,16,101
2026-05-07 03:00:00,22,111
2026-05-07 04:00:00,32,91
2026-05-07 05:00:00,49,72
2026-05-07 06:00:00,4,84
2026-05-07 07:00:00,44,63
2026-05-07 08:00:00,19,80
2026-05-07 09:00:00,443,82
2026-05-07 10:00:00,288,68
2026-05-07 11:00:00,160,88
2026-05-07 12:00:00,252,94
2026-05-07 13:00:00,371,66
2026-05-07 14:00:00,567,78
2026-05-07 15:00:00,314,109
2026-05-07 16:00:00,568,67
2026-05-07 17:00:00,271,114
2026-05-07 18:00:00,450,67
2026-05-07 19:00:00,1976,226
2026-05-07 20:00:00,1720,236
2026-05-07 21:00:00,11,114
2026-05-07 22:00:00,33,116
2026-05-07 23:00:00,42,66
2026-05-08 00:00:00,39,77
2026-05-08 01:00:00,45,72
2026-05-08 02:00:00,41,102
2026-05-08 03:00:00,32,65
2026-05-08 04:00:00,25,81
2026-05-08 05:00:00,32,68
2026-05-08 06:00:00,20,68
2026-05-08 07:00:00,37,92
2026-05-08 08:00:00,36,71
2026-05-08 09:00:00,126,96
2026-05-08 10:00:00,212,116
2026-05-08 11:00:00,425,60
2026-05-08 12:00:00,353,73
2026-05-08 13:00:00,294,111
2026-05-08 14:00:00,340,97
2026-05-08 15:00:00,153,84
2026-05-08 16:00:00,278,88
2026-05-08 17:00:00,251,104
2026-05-08 18:00:00,108,68
2026-05-08 19:00:00,1030,182
2026-05-08 20:00:00,1121,297
2026-05-08 21:00:00,27,90
2026-05-08 22:00:00,20,98
2026-05-08 23:00:00,22,96
2026-05-09 00:00:00,40,66
2026-05-09 01:00:00,32,65
2026-05-09 02:00:00,16,71
2026-05-09 03:00:00,8,81
2026-05-09 04:00:00,23,96
2026-05-09 05:00:00,29,111
2026-05-09 06:00:00,36,99
2026-05-09 07:00:00,37,76
2026-05-09 08:00:00,17,60
2026-05-09 09:00:00,411,110
2026-05-09 10:00:00,465,62
2026-05-09 11:00:00,435,87
2026-05-09 12:00:00,223,89
2026-05-09 13:00:00,214,113
2026-05-09 14:00:00,484,73
2026-05-09 15:00:00,499,103
2026-05-09 16:00:00,191,85
2026-05-09 17:00:00,375,106
2026-05-09 18:00:00,548,63
2026-05-09 19:00:00,2429,184
2026-05-09 20:00:00,1299,297
2026-05-09 21:00:00,6,96
2026-05-09 22:00:00,27,75
2026-05-09 23:00:00,24,68
2026-05-10 00:00:00,30,96
2026-05-10 01:00:00,3,63
2026-05-10 02:00:00,48,116
2026-05-10 03:00:00,25,104
2026-05-10 04:00:00,1,89
2026-05-10 05:00:00,12,109
2026-05-10 06:00:00,45,82
2026-05-10 07:00:00,30,69
2026-05-10 08:00:00,25,82
2026-05-10 09:00:00,472,83
2026-05-10 10:00:00,300,118
2026-05-10 11:00:00,194,72
2026-05-10 12:00:00,313,114
2026-05-10 13:00:00,495,117
2026-05-10 14:00:00,314,64
2026-05-10 15:00:00,459,113
2026-05-10 16:00:00,511,110
2026-05-10 17:00:00,391,61
2026-05-10 18:00:00,345,68
2026-05-10 19:00:00,2210,192
2026-05-10 20:00:00,1938,269
2026-05-10 21:00:00,23,60
2026-05-10 22:00:00,32,101
2026-05-10 23:00:00,46,65
2026-05-11 00:00:00,22,102
2026-05-11 01:00:00,46,77
2026-05-11 02:00:00,30,74
2026-05-11 03:00:00,25,100
2026-05-11 04:00:00,0,109
2026-05-11 05:00:00,38,75
2026-05-11 06:00:00,49,69
2026-05-11 07:00:00,13,96
2026-05-11 08:00:00,47,106
2026-05-11 09:00:00,433,71
2026-05-11 10:00:00,563,81
2026-05-11 11:00:00,352,109
2026-05-11 12:00:00,188,95
2026-05-11 13:00:00,229,98
2026-05-11 14:00:00,578,80
2026-05-11 15:00:00,562,68
2026-05-11 16:00:00,381,78
2026-05-11 17:00:00,570,101
2026-05-11 18:00:00,221,114
2026-05-11 19:00:00,2005,281
2026-05-11 20:00:00,1692,153
2026-05-11 21:00:00,13,84
2026-05-11 22:00:00,15,110
2026-05-11 23:00:00,36,90
2026-05-12 00:00:00,19,83
2026-05-12 01:00:00,4,115
2026-05-12 02:00:00,3,105
2026-05-12 03:00:00,37,95
2026-05-12 04:00:00,47,69
2026-05-12 05:00:00,48,68
2026-05-12 06:00:00,6,117
2026-05-12 07:00:00,24,119
2026-05-12 08:00:00,10,79
2026-05-12 09:00:00,562,95
2026-05-12 10:00:00,543,81
2026-05-12 11:00:00,359,118
2026-05-12 12:00:00,406,73
2026-05-12 13:00:00,224,117
2026-05-12 14:00:00,480,99
2026-05-12 15:00:00,233,99
2026-05-12 16:00:00,522,99
2026-05-12 17:00:00,565,112
2026-05-12 18:00:00,325,111
2026-05-12 19:00:00,2372,183
2026-05-12 20:00:00,1330,259
2026-05-12 21:00:00,41,83
2026-05-12 22:00:00,0,100
2026-05-12 23:00:00,44,77
2026-05-13 00:00:00,48,92
2026-05-13 01:00:00,19,112
2026-05-13 02:00:00,13,87
2026-05-13 03:00:00,14,100
2026-05-13 04:00:00,5,65
2026-05-13 05:00:00,10,104
2026-05-13 06:00:00,28,71
2026-05-13 07:00:00,48,75
2026-05-13 08:00:00,3,96
2026-05-13 09:00:00,535,67
2026-05-13 10:00:00,512,71
2026-05-13 11:00:00,468,117
2026-05-13 12:00:00,568,71
2026-05-13 13:00:00,190,111
2026-05-13 14:00:00,260,115
2026-05-13 15:00:00,146,69
2026-05-13 16:00:00,148,104
2026-05-13 17:00:00,301,119
2026-05-13 18:00:00,220,88
2026-05-13 19:00:00,1803,189
2026-05-13 20:00:00,1058,280
2026-05-13 21:00:00,16,114
2026-05-13 22:00:00,6,77
2026-05-13 23:00:00,48,79
2026-05-14 00:00:00,0,111
2026-05-14 01:00:00,15,70
2026-05-14 02:00:00,41,70
2026-05-14 03:00:00,44,65
2026-05-14 04:00:00,5,65
2026-05-14 05:00:00,15,103
2026-05-14 06:00:00,49,84
2026-05-14 07:00:00,38,114
2026-05-14 08:00:00,10,99
2026-05-14 09:00:00,550,117
2026-05-14 10:00:00,442,113
2026-05-14 11:00:00,529,72
2026-05-14 12:00:00,158,102
2026-05-14 13:00:00,534,63
2026-05-14 14:00:00,416,76
2026-05-14 15:00:00,586,104
2026-05-14 16:00:00,222,111
2026-05-14 17:00:00,488,100
2026-05-14 18:00:00,182,68
2026-05-14 19:00:00,1702,271
2026-05-14 20:00:00,2101,242
2026-05-14 21:00:00,41,106
2026-05-14 22:00:00,28,88
2026-05-14 23:00:00,43,100
2026-05-15 00:00:00,0,98
2026-05-15 01:00:00,3,78
2026-05-15 02:00:00,20,110
2026-05-15 03:00:00,42,84
2026-05-15 04:00:00,9,106
2026-05-15 05:00:00,33,98
2026-05-15 06:00:00,37,77
2026-05-15 07:00:00,8,114
2026-05-15 08:00:00,35,86
2026-05-15 09:00:00,285,104
2026-05-15 10:00:00,121,116
2026-05-15 11:00:00,429,65
2026-05-15 12:00:00,146,91
2026-05-15 13:00:00,596,101
2026-05-15 14:00:00,262,104
2026-05-15 15:00:00,242,98
2026-05-15 16:00:00,500,76
2026-05-15 17:00:00,583,110
2026-05-15 18:00:00,219,90
2026-05-15 19:00:00,1891,215
2026-05-15 20:00:00,2275,198
2026-05-15 21:00:00,31,102
2026-05-15 22:00:00,45,118
2026-05-15 23:00:00,1,73
2026-05-16 00:00:00,0,60
2026-05-16 01:00:00,1,103
2026-05-16 02:00:00,13,60
2026-05-16 03:00:00,25,109
2026-05-16 04:00:00,24,112
2026-05-16 05:00:00,1,94
2026-05-16 06:00:00,29,111
2026-05-16 07:00:00,30,111
2026-05-16 08:00:00,48,78
2026-05-16 09:00:00,138,108
2026-05-16 10:00:00,204,105
2026-05-16 11:00:00,511,75
2026-05-16 12:00:00,304,80
2026-05-16 13:00:00,462,73
2026-05-16 14:00:00,418,101
2026-05-16 15:00:00,227,108
2026-05-16 16:00:00,145,79
2026-05-16 17:00:00,360,97
2026-05-16 18:00:00,586,74
2026-05-16 19:00:00,1522,210
2026-05-16 20:00:00,1995,204
2026-05-16 21:00:00,49,100
2026-05-16 22:00:00,9,101
2026-05-16 23:00:00,6,80
2026-05-17 00:00:00,32,117
2026-05-17 01:00:00,8,96
2026-05-17 02:00:00,30,113
2026-05-17 03:00:00,11,110
2026-05-17 04:00:00,9,86
2026-05-17 05:00:00,40,61
2026-05-17 06:00:00,22,118
2026-05-17 07:00:00,43,96
2026-05-17 08:00:00,15,80
2026-05-17 09:00:00,191,63
2026-05-17 10:00:00,371,62
2026-05-17 11:00:00,195,64
2026-05-17 12:00:00,330,101
2026-05-17 13:00:00,146,107
2026-05-17 14:00:00,383,62
2026-05-17 15:00:00,558,61
2026-05-17 16:00:00,268,67
2026-05-17 17:00:00,213,105
2026-05-17 18:00:00,520,102
2026-05-17 19:00:00,2192,285
2026-05-17 20:00:00,1313,196
2026-05-17 21:00:00,15,71
2026-05-17 22:00:00,44,85
2026-05-17 23:00:00,4,99
2026-05-18 00:00:00,44,69
2026-05-18 01:00:00,18,107
2026-05-18 02:00:00,29,115
2026-05-18 03:00:00,19,116
2026-05-18 04:00:00,30,88
2026-05-18 05:00:00,38,70
2026-05-18 06:00:00,38,119
2026-05-18 07:00:00,24,115
2026-05-18 08:00:00,5,62
2026-05-18 09:00:00,478,99
2026-05-18 10:00:00,436,112
2026-05-18 11:00:00,254,90
2026-05-18 12:00:00,412,106
2026-05-18 13:00:00,473,116
2026-05-18 14:00:00,561,99
2026-05-18 15:00:00,550,60
2026-05-18 16:00:00,379,115
2026-05-18 17:00:00,593,98
2026-05-18 18:00:00,240,117
2026-05-18 19:00:00,2118,174
2026-05-18 20:00:00,1545,214
2026-05-18 21:00:00,7,79
2026-05-18 22:00:00,49,86
2026-05-18 23:00:00,41,114
2026-05-19 00:00:00,28,94
2026-05-19 01:00:00,8,106
2026-05-19 02:00:00,27,117
2026-05-19 03:00:00,44,119
2026-05-19 04:00:00,32,93
2026-05-19 05:00:00,21,63
2026-05-19 06:00:00,42,100
2026-05-19 07:00:00,44,115
2026-05-19 08:00:00,33,60
2026-05-19 09:00:00,442,92
2026-05-19 10:00:00,366,105
2026-05-19 11:00:00,127,64
2026-05-19 12:00:00,585,117
2026-05-19 13:00:00,187,83
2026-05-19 14:00:00,204,95
2026-05-19 15:00:00,533,62
2026-05-19 16:00:00,386,86
2026-05-19 17:00:00,227,69
2026-05-19 18:00:00,134,93
2026-05-19 19:00:00,1812,199
2026-05-19 20:00:00,2423,227
2026-05-19 21:00:00,32,91
2026-05-19 22:00:00,30,62
2026-05-19 23:00:00,43,116
2026-05-20 00:00:00,44,94
2026-05-20 01:00:00,19,62
2026-05-20 02:00:00,47,91
2026-05-20 03:00:00,33,94
2026-05-20 04:00:00,36,101
2026-05-20 05:00:00,2,62
2026-05-20 06:00:00,31,106
2026-05-20 07:00:00,17,74
2026-05-20 08:00:00,27,105
2026-05-20 09:00:00,317,105
2026-05-20 10:00:00,194,70
2026-05-20 11:00:00,384,106
2026-05-20 12:00:00,309,60
2026-05-20 13:00:00,107,104
2026-05-20 14:00:00,466,78
2026-05-20 15:00:00,130,81
2026-05-20 16:00:00,494,68
2026-05-20 17:00:00,531,102
2026-05-20 18:00:00,141,91
2026-05-20 19:00:00,2448,201
2026-05-20 20:00:00,1342,235
2026-05-20 21:00:00,45,111
2026-05-20 22:00:00,25,80
2026-05-20 23:00:00,28,108
2026-05-21 00:00:00,6,68
2026-05-21 01:00:00,14,75
2026-05-21 02:00:00,31,103
2026-05-21 03:00:00,36,100
2026-05-21 04:00:00,28,82
2026-05-21 05:00:00,40,93
2026-05-21 06:00:00,27,97
2026-05-21 07:00:00,47,63
2026-05-21 08:00:00,49,119
2026-05-21 09:00:00,530,79
2026-05-21 10:00:00,186,94
2026-05-21 11:00:00,205,73
2026-05-21 12:00:00,126,67
2026-05-21 13:00:00,139,117
2026-05-21 14:00:00,466,103
2026-05-21 15:00:00,256,84
2026-05-21 16:00:00,546,88
2026-05-21 17:00:00,572,111
2026-05-21 18:00:00,377,64
2026-05-21 19:00:00,1759,238
2026-05-21 20:00:00,2433,282
2026-05-21 21:00:00,30,95
2026-05-21 22:00:00,0,107
2026-05-21 23:00:00,2,82
2026-05-22 00:00:00,34,92
2026-05-22 01:00:00,39,61
2026-05-22 02:00:00,39,77
2026-05-22 03:00:00,3,108
2026-05-22 04:00:00,14,103
2026-05-22 05:00:00,0,96
2026-05-22 06:00:00,13,72
2026-05-22 07:00:00,38,60
2026-05-22 08:00:00,49,82
2026-05-22 09:00:00,426,85
2026-05-22 10:00:00,346,107
2026-05-22 11:00:00,274,118
2026-05-22 12:00:00,152,74
2026-05-22 13:00:00,419,116
2026-05-22 14:00:00,210,77
2026-05-22 15:00:00,284,60
2026-05-22 16:00:00,209,111
2026-05-22 17:00:00,457,113
2026-05-22 18:00:00,433,106
2026-05-22 19:00:00,2195,277
2026-05-22 20:00:00,2054,285
2026-05-22 21:00:00,47,82
2026-05-22 22:00:00,41,73
2026-05-22 23:00:00,12,90
2026-05-23 00:00:00,47,101
2026-05-23 01:00:00,41,114
